RMESP-UVE-Starch-Corn-100-0.5,,,,,,,,,,,,,,,,,,,,,,,,,,,,,,,,,,,,,,,,,,,,,,,,,,,,,,,,,,,,,,,,,,,,,,,,,,,,,,,,,,,,,,,,,,,,,,,,,,,,,,,,,,,,,,,,,,,,,,,,,,,,,,,,,,,,,,,,,,,,,,,,,,,,,,,,,,,,,,,,,,,,,,,,,,,,,,,,,,,,,,,,,,,,,,,,,,,,,,,,,,,,,,,,,,,,,,,,,,,,,,,,,,,,,,,,,,,,,,,,,,,,,,,,,,,,,,,,,,,,,,,,,,,,,,,,,,,,,,,,,,,,,,,,,,,,,,,,,,,,,,,,,,,,,,,,,,,,,,,,,,,,,,,,,,,,,,,,,,,,,,,,,,,,,,,,,,,,,,,,,,,,,,,,,,,,,,,,,,,,,,,,,,,,,,,
0.31649,0.31745,0.32508,0.28463,0.29264,0.2141,0.24911,0.23803,0.25659,0.25667,0.24223,0.237,0.26241,0.25659,0.25363,0.2512,0.24926,0.26249,0.26227,0.25618,0.25571,0.25743,0.25779,0.24964,0.236,0.2363,0.2405,0.24046,0.24114,0.24185,0.2422,0.24229,0.24119,0.23382,0.23514,0.23451,0.23619,0.2368,0.236,0.23772,0.22875,0.22545,0.2279,0.23376,0.24747,0.25043,0.25078,0.26009,0.26248,0.26245,0.25499,0.25465,0.25472,0.24901,0.25002,0.2473,0.24761,0.24341,0.24439,0.24425,0.24471,0.24223,0.24277,0.24257,0.23883,0.24012,0.23825,0.23415,0.23683,0.23748,0.23736,0.24087,0.24176,0.23512,0.23576,0.23657,0.23698,0.23652,0.23368,0.23085,0.2302,0.22818,0.22964,0.22601,0.2264,0.2266,0.22554,0.22577,0.22585,0.22469,0.21702,0.21327,0.20533,0.2053,0.20208,0.20242,0.2032,0.20531,0.20548,0.20565,0.20238,0.20776,0.20789,0.20785,0.20812,0.20641,0.20641,0.20682,0.20612,0.20598,0.20637,0.20663,0.20665,0.20673,0.20852,0.20854,0.20829,0.20955,0.20955,0.20781,0.20784,0.20838,0.20832,0.2067,0.20409,0.20395,0.20455,0.20441,0.20437,0.20411,0.20415,0.20581,0.20554,0.20646,0.20558,0.20507,0.20544,0.20253,0.1997,0.19983,0.20025,0.20032,0.19976,0.19879,0.19888,0.19918,0.20048,0.20043,0.20075,0.20097,0.201,0.19998,0.20005,0.20161,0.20123,0.2012,0.2014,0.20138,0.2013,0.20139,0.2006,0.20059,0.19823,0.19595,0.19563,0.19321,0.19405,0.19471,0.19482,0.19473,0.19514,0.19414,0.19509,0.19539,0.20883,0.20846,0.20546,0.20462,0.20491,0.20505,0.20489,0.20514,0.20472,0.20444,0.20434,0.20461,0.20455,0.20464,0.20582,0.20332,0.20383,0.20202,0.20126,0.20117,0.20105,0.20172,0.20126,0.20127,0.21155,0.2114,0.21077,0.19707,0.21099,0.19714,0.19702,0.19707,0.198,0.19726,0.19758,0.19755,0.19705,0.19706,0.19729,0.1967,0.19645,0.19648,0.19516,0.1951,0.19496,0.19381,0.19385,0.19185,0.19098,0.19072,0.19076,0.18922,0.18861,0.1878,0.18791,0.18789,0.1853,0.18436,0.18431,0.18426,0.1833,0.18321,0.17984,0.17975,0.17844,0.17749,0.17717,0.177,0.17675,0.17721,0.17718,0.17712,0.17705,0.17703,0.17695,0.17722,0.17722,0.17729,0.17725,0.18388,0.18386,0.18253,0.18239,0.19346,0.19343,0.19317,0.19297,0.18208,0.18153,0.18181,0.18179,0.18108,0.19155,0.19117,0.1915,0.19984,0.1995,0.19898,0.19892,0.19889,0.19887,0.19896,0.19885,0.19898,0.19897,0.19883,0.20037,0.20047,0.20048,0.20258,0.20238,0.20193,0.20212,0.20188,0.202,0.20175,0.20185,0.20131,0.20239,0.20294,0.20266,0.20303,0.2025,0.20262,0.20161,0.20144,0.20157,0.20176,0.20196,0.2013,0.20135,0.20222,0.20239,0.20188,0.20126,0.20049,0.19982,0.20298,0.20368,0.20362,0.20401,0.20373,0.20341,0.20241,0.20198,0.20199,0.20156,0.20127,0.20136,0.20015,0.19911,0.19943,0.19857,0.19851,0.19837,0.19838,0.19829,0.198,0.1979,0.18877,0.18957,0.19024,0.19033,0.19028,0.19022,0.19024,0.19115,0.19131,0.19131,0.19157,0.19186,0.19201,0.19191,0.19231,0.1922,0.19259,0.19213,0.19258,0.19292,0.1926,0.19369,0.19361,0.1921,0.19141,0.19667,0.19677,0.19664,0.19674,0.1969,0.19707,0.19778,0.19799,0.1979,0.19809,0.19829,0.19868,0.1984,0.19821,0.19822,0.19843,0.19826,0.19752,0.19704,0.19666,0.19591,0.19627,0.19602,0.19607,0.19653,0.1958,0.19602,0.1963,0.1775,0.17788,0.17823,0.17827,0.17809,0.17808
RMESP-UVE-Starch-Corn-100-0.6,,,,,,,,,,,,,,,,,,,,,,,,,,,,,,,,,,,,,,,,,,,,,,,,,,,,,,,,,,,,,,,,,,,,,,,,,,,,,,,,,,,,,,,,,,,,,,,,,,,,,,,,,,,,,,,,,,,,,,,,,,,,,,,,,,,,,,,,,,,,,,,,,,,,,,,,,,,,,,,,,,,,,,,,,,,,,,,,,,,,,,,,,,,,,,,,,,,,,,,,,,,,,,,,,,,,,,,,,,,,,,,,,,,,,,,,,,,,,,,,,,,,,,,,,,,,,,,,,,,,,,,,,,,,,,,,,,,,,,,,,,,,,,,,,,,,,,,,,,,,,,,,,,,,,,,,,,,,,,,,,,,,,,,,,,,,,,,,,,,,,,,,,,,,,,,,,,,,,,,,,,,,,,,,,,,,,,,,,,,,,,,,,,,,,,,
0.38106,0.31745,0.32508,0.28463,0.29264,0.31448,0.29872,0.2752,0.22793,0.22485,0.2311,0.22697,0.21495,0.21593,0.21451,0.22486,0.24828,0.24188,0.23974,0.23908,0.23921,0.22298,0.21912,0.21263,0.21272,0.20407,0.20476,0.20848,0.20844,0.21024,0.21126,0.21301,0.21273,0.21088,0.22061,0.22264,0.22314,0.21858,0.21499,0.21877,0.22326,0.2267,0.22242,0.22243,0.22284,0.22422,0.23238,0.23319,0.23215,0.22812,0.23034,0.23,0.22992,0.23275,0.23023,0.23192,0.23186,0.22831,0.22902,0.22878,0.22471,0.22598,0.22479,0.23324,0.23769,0.23799,0.23941,0.23876,0.2386,0.23929,0.23977,0.2408,0.24334,0.23352,0.23372,0.23481,0.23417,0.23143,0.23122,0.23127,0.23119,0.22008,0.22065,0.22089,0.22135,0.2245,0.22218,0.2222,0.2229,0.22294,0.22327,0.21497,0.21202,0.21147,0.21226,0.20889,0.2089,0.20971,0.20963,0.21566,0.2158,0.21503,0.21372,0.21003,0.20515,0.20607,0.2064,0.2064,0.20835,0.20524,0.20257,0.20282,0.20303,0.20205,0.20211,0.20212,0.20221,0.19667,0.19679,0.19574,0.19561,0.19457,0.19211,0.19235,0.1922,0.19322,0.19248,0.19259,0.19265,0.19273,0.19272,0.192,0.19218,0.1928,0.19394,0.19348,0.19357,0.19366,0.19383,0.19414,0.19473,0.19631,0.1953,0.19603,0.19577,0.1949,0.19446,0.19509,0.19508,0.19279,0.19075,0.1911,0.19117,0.1911,0.1911,0.19107,0.19133,0.19069,0.1885,0.18847,0.1885,0.18769,0.18551,0.18547,0.18542,0.18575,0.18677,0.18707,0.18723,0.18738,0.18728,0.18725,0.18784,0.18795,0.18598,0.18408,0.18273,0.18548,0.18597,0.19732,0.19714,0.19768,0.20022,0.19942,0.19948,0.20043,0.20028,0.20238,0.20304,0.20196,0.19811,0.20492,0.20721,0.20642,0.20517,0.19459,0.19148,0.19121,0.1917,0.19047,0.19038,0.19043,0.18849,0.18841,0.1867,0.18681,0.18614,0.1863,0.18679,0.1859,0.18607,0.18591,0.18577,0.18575,0.18509,0.18531,0.18591,0.18576,0.18581,0.19264,0.19265,0.19182,0.1918,0.19094,0.18903,0.18937,0.18921,0.18925,0.18926,0.1896,0.18952,0.18932,0.18934,0.18909,0.18925,0.18825,0.18786,0.1878,0.18781,0.18753,0.18735,0.18659,0.18696,0.1869,0.18669,0.18599,0.18602,0.19203,0.2022,0.201,0.18665,0.18666,0.18666,0.1902,0.19023,0.19023,0.20188,0.20182,0.20117,0.20129,0.20777,0.20773,0.20778,0.20798,0.20758,0.20718,0.20679,0.20732,0.20746,0.20759,0.20764,0.20708,0.20689,0.20702,0.20335,0.20338,0.20392,0.20399,0.20356,0.20332,0.20311,0.20347,0.20339,0.20303,0.2036,0.20443,0.2047,0.20475,0.20483,0.20458,0.20445,0.20414,0.20442,0.20414,0.20451,0.20443,0.20475,0.20422,0.20637,0.19641,0.19652,0.19605,0.20252,0.20238,0.19599,0.19593,0.19331,0.1933,0.19296,0.19184,0.19183,0.19163,0.19194,0.1911,0.19094,0.19104,0.19086,0.19088,0.19078,0.19069,0.19125,0.1906,0.19109,0.19065,0.19108,0.19092,0.19073,0.19113,0.19129,0.1915,0.19153,0.1917,0.19161,0.19171,0.19158,0.19145,0.19184,0.19134,0.1913,0.19153,0.19172,0.1917,0.19171,0.19233,0.19255,0.19296,0.19262,0.1926,0.19183,0.19196,0.19188,0.19148,0.19144,0.19131,0.19034,0.19064,0.19079,0.19072,0.19134,0.19223,0.19225,0.19211,0.19225,0.19227,0.19198,0.19218,0.19235,0.19255,0.19321,0.1931,0.1984,0.19821,0.19842,0.198,0.19799,0.19758,0.19794,0.19772,0.19702,0.19627,0.19678,0.19704,0.19771,0.19739,0.19815,0.19815,0.19843,0.17761,0.17791,0.17775,0.17782,0.17808
RMESP-UVE-Starch-Corn-100-0.7,,,,,,,,,,,,,,,,,,,,,,,,,,,,,,,,,,,,,,,,,,,,,,,,,,,,,,,,,,,,,,,,,,,,,,,,,,,,,,,,,,,,,,,,,,,,,,,,,,,,,,,,,,,,,,,,,,,,,,,,,,,,,,,,,,,,,,,,,,,,,,,,,,,,,,,,,,,,,,,,,,,,,,,,,,,,,,,,,,,,,,,,,,,,,,,,,,,,,,,,,,,,,,,,,,,,,,,,,,,,,,,,,,,,,,,,,,,,,,,,,,,,,,,,,,,,,,,,,,,,,,,,,,,,,,,,,,,,,,,,,,,,,,,,,,,,,,,,,,,,,,,,,,,,,,,,,,,,,,,,,,,,,,,,,,,,,,,,,,,,,,,,,,,,,,,,,,,,,,,,,,,,,,,,,,,,,,,,,,,,,,,,,,,,,,,
0.5358,0.38374,0.32508,0.31419,0.29264,0.2141,0.21669,0.2098,0.20978,0.22106,0.21852,0.21232,0.22058,0.22009,0.22208,0.23788,0.23479,0.22606,0.22733,0.2319,0.21711,0.2147,0.21552,0.2221,0.22163,0.2214,0.22346,0.2239,0.23699,0.23757,0.2299,0.23056,0.22441,0.22533,0.22488,0.21961,0.22135,0.22035,0.22067,0.22565,0.22906,0.22939,0.22807,0.22689,0.22682,0.22256,0.22334,0.22513,0.22873,0.22814,0.22885,0.23027,0.23003,0.22975,0.23776,0.2393,0.2398,0.24105,0.24152,0.24588,0.23351,0.2278,0.22911,0.22996,0.22992,0.22859,0.22518,0.22255,0.22313,0.22617,0.22652,0.22119,0.21679,0.21821,0.21914,0.21928,0.21817,0.21822,0.21873,0.21906,0.226,0.21581,0.21572,0.21177,0.21226,0.21044,0.21097,0.20741,0.20742,0.20758,0.20775,0.21048,0.20343,0.20359,0.20356,0.20376,0.20385,0.20401,0.20125,0.20054,0.19948,0.19872,0.19617,0.19617,0.19663,0.19671,0.19647,0.19637,0.18774,0.19127,0.19016,0.18634,0.18634,0.18624,0.18659,0.18679,0.18773,0.18765,0.18783,0.1873,0.18714,0.1877,0.18883,0.18883,0.18893,0.18903,0.18826,0.18832,0.18834,0.18952,0.19073,0.19089,0.19063,0.18965,0.1912,0.19134,0.19058,0.19066,0.19075,0.1884,0.18846,0.18845,0.18803,0.1877,0.18517,0.18554,0.18606,0.1862,0.18619,0.18646,0.18681,0.18504,0.18494,0.18493,0.18523,0.1851,0.18454,0.18466,0.18577,0.18656,0.1848,0.18486,0.18547,0.184,0.18183,0.18196,0.18248,0.18246,0.19533,0.194,0.19101,0.19077,0.1908,0.1909,0.19125,0.19102,0.19097,0.19086,0.19093,0.19088,0.19033,0.18885,0.18792,0.18793,0.18655,0.1865,0.18623,0.18653,0.18585,0.18587,0.18582,0.18591,0.18612,0.18513,0.18753,0.18759,0.18759,0.18776,0.18773,0.18773,0.18772,0.18684,0.18676,0.1861,0.18647,0.18655,0.18637,0.18678,0.18684,0.1864,0.18402,0.18432,0.18449,0.1843,0.18475,0.18493,0.18431,0.18415,0.18409,0.18414,0.18415,0.18396,0.18348,0.1834,0.18341,0.18986,0.18989,0.18906,0.18826,0.18831,0.18845,0.18833,0.18815,0.18745,0.1874,0.18749,0.18721,0.18649,0.1865,0.18679,0.18507,0.18493,0.18491,0.1835,0.18376,0.1831,0.18314,0.18287,0.18264,0.18265,0.18183,0.19628,0.19878,0.19872,0.19846,0.19702,0.19677,0.19397,0.19722,0.19695,0.197,0.19647,0.19634,0.19627,0.20741,0.20696,0.2067,0.20666,0.20671,0.20674,0.20613,0.20591,0.20574,0.20579,0.20513,0.20514,0.20429,0.20454,0.20468,0.20442,0.20411,0.20457,0.20346,0.20289,0.20299,0.2026,0.20276,0.20083,0.20089,0.2011,0.20093,0.20117,0.20176,0.2021,0.20225,0.20275,0.20265,0.20282,0.1948,0.19457,0.17515,0.19284,0.19238,0.19284,0.19342,0.19336,0.19304,0.19297,0.19275,0.19263,0.19253,0.19229,0.19234,0.19197,0.19197,0.19186,0.19166,0.19146,0.19177,0.19173,0.19199,0.19194,0.19148,0.1916,0.19177,0.19165,0.19169,0.19154,0.19153,0.19167,0.19181,0.1912,0.19106,0.19054,0.19002,0.19058,0.19062,0.19046,0.19103,0.19071,0.19058,0.19057,0.19095,0.19096,0.19067,0.19087,0.19084,0.19082,0.19088,0.19076,0.19109,0.19104,0.19106,0.19177,0.19176,0.19176,0.19177,0.19193,0.19149,0.19159,0.19181,0.19064,0.19036,0.19046,0.19131,0.19112,0.19078,0.19079,0.19094,0.19125,0.19186,0.19196,0.19187,0.19217,0.19232,0.19243,0.19165,0.19208,0.19151,0.19171,0.19692,0.19689,0.197,0.19766,0.19681,0.19664,0.19693,0.19722,0.19728,0.17775,0.17782,0.17808
RMESP-UVE-Starch-Corn-100-0.8,,,,,,,,,,,,,,,,,,,,,,,,,,,,,,,,,,,,,,,,,,,,,,,,,,,,,,,,,,,,,,,,,,,,,,,,,,,,,,,,,,,,,,,,,,,,,,,,,,,,,,,,,,,,,,,,,,,,,,,,,,,,,,,,,,,,,,,,,,,,,,,,,,,,,,,,,,,,,,,,,,,,,,,,,,,,,,,,,,,,,,,,,,,,,,,,,,,,,,,,,,,,,,,,,,,,,,,,,,,,,,,,,,,,,,,,,,,,,,,,,,,,,,,,,,,,,,,,,,,,,,,,,,,,,,,,,,,,,,,,,,,,,,,,,,,,,,,,,,,,,,,,,,,,,,,,,,,,,,,,,,,,,,,,,,,,,,,,,,,,,,,,,,,,,,,,,,,,,,,,,,,,,,,,,,,,,,,,,,,,,,,,,,,,,,,
0.38106,0.37733,0.34066,0.21008,0.21407,0.21404,0.21415,0.25294,0.22516,0.23404,0.23688,0.24014,0.24232,0.23174,0.23255,0.23026,0.23399,0.21427,0.2129,0.21309,0.21303,0.22804,0.23487,0.2321,0.23171,0.23277,0.24073,0.24021,0.23311,0.23339,0.234,0.23764,0.23061,0.23006,0.22802,0.23231,0.2368,0.23637,0.23174,0.23199,0.22738,0.236,0.23471,0.23492,0.23546,0.23527,0.23563,0.23561,0.23591,0.23655,0.23723,0.23904,0.242,0.24233,0.23913,0.23956,0.24265,0.24327,0.24363,0.24328,0.24403,0.2409,0.24167,0.23942,0.23944,0.23834,0.23971,0.23388,0.24004,0.23936,0.22929,0.22673,0.22682,0.22998,0.23114,0.23095,0.22665,0.21608,0.21212,0.21214,0.2121,0.21264,0.213,0.21441,0.21048,0.21053,0.20333,0.20278,0.20286,0.19988,0.20419,0.20339,0.20363,0.20366,0.20396,0.20412,0.20421,0.20496,0.20367,0.20383,0.20402,0.20426,0.20139,0.19837,0.20009,0.20027,0.20021,0.19928,0.19915,0.19871,0.19892,0.19814,0.19354,0.18524,0.18534,0.18479,0.18482,0.18239,0.18369,0.18385,0.18383,0.18409,0.18396,0.18501,0.18518,0.18529,0.18292,0.18347,0.18347,0.18538,0.18456,0.18438,0.18397,0.18412,0.18608,0.18617,0.18524,0.18559,0.18537,0.18519,0.18529,0.18491,0.18599,0.18607,0.18649,0.18604,0.18602,0.18607,0.18613,0.18641,0.18605,0.18597,0.18655,0.18626,0.18634,0.18376,0.18352,0.18466,0.18473,0.18493,0.18488,0.18322,0.17958,0.17784,0.17812,0.17829,0.17891,0.17766,0.17774,0.19039,0.1907,0.1904,0.18932,0.18797,0.1889,0.18761,0.18755,0.1878,0.18712,0.18714,0.18551,0.18545,0.18521,0.18523,0.18537,0.18546,0.18442,0.18437,0.18411,0.18458,0.18462,0.18485,0.18481,0.1849,0.18496,0.18796,0.18707,0.18745,0.18696,0.18693,0.18703,0.18709,0.18688,0.18691,0.18692,0.18709,0.18643,0.18646,0.18642,0.18695,0.18629,0.1861,0.18589,0.18521,0.20253,0.20254,0.1994,0.19929,0.19929,0.19945,0.19883,0.19882,0.19862,0.1987,0.19873,0.19881,0.19868,0.19788,0.20311,0.20568,0.20495,0.20496,0.20424,0.20428,0.20281,0.20308,0.20309,0.20274,0.20114,0.20038,0.20042,0.2003,0.19867,0.19869,0.1987,0.1985,0.19845,0.19847,0.19795,0.19797,0.19766,0.19774,0.19775,0.1976,0.20081,0.19998,0.2004,0.20056,0.2053,0.20547,0.2051,0.20512,0.20478,0.20174,0.20129,0.20059,0.20026,0.19939,0.19926,0.19923,0.20052,0.2004,0.20042,0.19936,0.20378,0.20402,0.20356,0.20372,0.20377,0.20365,0.20052,0.201,0.20147,0.20155,0.20126,0.20133,0.20165,0.20234,0.20203,0.20216,0.20218,0.20099,0.203,0.20305,0.17688,0.17483,0.19474,0.19473,0.17556,0.17557,0.17556,0.17545,0.17538,0.17534,0.17531,0.17536,0.17555,0.17508,0.17449,0.17477,0.1747,0.17494,0.17493,0.19996,0.1753,0.19254,0.17479,0.19255,0.19214,0.17474,0.1744,0.17472,0.17507,0.17508,0.17502,0.1739,0.17433,0.17434,0.17444,0.17434,0.19145,0.1913,0.19197,0.19193,0.19184,0.17379,0.19146,0.19133,0.19157,0.19107,0.19108,0.191,0.19156,0.19142,0.19161,0.19153,0.19152,0.19172,0.19235,0.19192,0.19199,0.19177,0.1918,0.19136,0.19225,0.19246,0.19235,0.19203,0.19111,0.19124,0.19138,0.19123,0.19121,0.19119,0.19109,0.1911,0.19096,0.19096,0.19073,0.19106,0.19116,0.19126,0.19158,0.19217,0.19232,0.19154,0.19156,0.19104,0.19596,0.19575,0.19589,0.19607,0.19536,0.1958,0.19602,0.17719,0.17757,0.19747,0.1778,0.17782,0.17809,0.17808
RMESP-UVE-Starch-Corn-100-0.9,,,,,,,,,,,,,,,,,,,,,,,,,,,,,,,,,,,,,,,,,,,,,,,,,,,,,,,,,,,,,,,,,,,,,,,,,,,,,,,,,,,,,,,,,,,,,,,,,,,,,,,,,,,,,,,,,,,,,,,,,,,,,,,,,,,,,,,,,,,,,,,,,,,,,,,,,,,,,,,,,,,,,,,,,,,,,,,,,,,,,,,,,,,,,,,,,,,,,,,,,,,,,,,,,,,,,,,,,,,,,,,,,,,,,,,,,,,,,,,,,,,,,,,,,,,,,,,,,,,,,,,,,,,,,,,,,,,,,,,,,,,,,,,,,,,,,,,,,,,,,,,,,,,,,,,,,,,,,,,,,,,,,,,,,,,,,,,,,,,,,,,,,,,,,,,,,,,,,,,,,,,,,,,,,,,,,,,,,,,,,,,,,,,,,,,
0.37195,0.37733,0.34134,0.31419,0.21407,0.25142,0.27611,0.26711,0.25715,0.25153,0.25706,0.25294,0.26116,0.25862,0.23624,0.22191,0.2143,0.22113,0.23093,0.22875,0.258,0.26099,0.28274,0.27548,0.30344,0.3027,0.2526,0.25306,0.25088,0.25426,0.25356,0.25469,0.25346,0.25348,0.24831,0.2477,0.24645,0.25065,0.25056,0.25099,0.24933,0.25119,0.24559,0.24826,0.24895,0.24946,0.25295,0.25298,0.25131,0.25249,0.2528,0.25265,0.25288,0.24325,0.24357,0.24025,0.23702,0.23092,0.23197,0.2318,0.23902,0.23901,0.23986,0.24033,0.24124,0.23872,0.23855,0.23852,0.23267,0.23382,0.23458,0.23602,0.22321,0.22208,0.21454,0.21223,0.2085,0.20747,0.21252,0.20888,0.20954,0.20975,0.20995,0.20356,0.20351,0.20355,0.20282,0.20039,0.20044,0.2004,0.20254,0.2015,0.20135,0.20162,0.20173,0.20179,0.20226,0.20224,0.19932,0.19975,0.19963,0.19965,0.19955,0.19965,0.19869,0.19767,0.18936,0.18946,0.18954,0.19107,0.1912,0.18697,0.18707,0.18524,0.18487,0.18245,0.18228,0.18494,0.18495,0.18494,0.18475,0.18572,0.18601,0.18541,0.18558,0.18562,0.18733,0.18762,0.18772,0.1879,0.18512,0.1852,0.18641,0.18641,0.18644,0.18596,0.1855,0.18596,0.18526,0.18534,0.18531,0.18448,0.18507,0.18542,0.18537,0.18544,0.18585,0.18559,0.18393,0.18157,0.18149,0.18257,0.17896,0.17757,0.17786,0.1768,0.1767,0.17679,0.17632,0.1763,0.17645,0.17619,0.17693,0.17713,0.17716,0.17702,0.17794,0.1762,0.17497,0.17491,0.17522,0.17388,0.17348,0.18501,0.18359,0.18361,0.18443,0.18466,0.18492,0.18311,0.18306,0.18284,0.18289,0.18434,0.18409,0.18415,0.18408,0.18325,0.18348,0.18361,0.18354,0.18336,0.18643,0.18603,0.18604,0.18609,0.18639,0.18651,0.18682,0.18675,0.18687,0.18666,0.18598,0.18537,0.20321,0.20262,0.20261,0.2026,0.20258,0.20269,0.20247,0.20253,0.20251,0.20183,0.20187,0.20215,0.20232,0.20751,0.20763,0.20671,0.20566,0.2058,0.20576,0.20598,0.20586,0.20575,0.20567,0.20582,0.20575,0.20564,0.20345,0.20187,0.20182,0.20166,0.20082,0.20054,0.20053,0.20014,0.19932,0.19923,0.19923,0.1993,0.19881,0.19741,0.19743,0.19714,0.19718,0.20028,0.19972,0.19972,0.19967,0.19967,0.19849,0.19801,0.19803,0.19766,0.19767,0.19769,0.20948,0.20952,0.2092,0.2083,0.2081,0.20693,0.19842,0.19929,0.19901,0.19935,0.20313,0.20349,0.2029,0.20661,0.20329,0.20102,0.20126,0.20054,0.20083,0.20103,0.20126,0.19475,0.19457,0.19445,0.19444,0.19449,0.19461,0.19454,0.19431,0.19439,0.17436,0.17447,0.17476,0.17472,0.17451,0.17464,0.17455,0.17543,0.17484,0.17488,0.20026,0.20044,0.17484,0.17458,0.17452,0.17449,0.17469,0.17455,0.1746,0.17387,0.17419,0.17431,0.20127,0.20126,0.20127,0.17381,0.17424,0.1924,0.19225,0.19219,0.19129,0.19165,0.19157,0.19144,0.19182,0.19178,0.19161,0.19157,0.1918,0.19237,0.19224,0.19224,0.19147,0.19164,0.19145,0.19139,0.19196,0.1919,0.19178,0.1917,0.19171,0.19128,0.19128,0.19226,0.19175,0.19179,0.19146,0.19145,0.19205,0.19224,0.19203,0.19174,0.19172,0.1917,0.19174,0.19183,0.19174,0.19173,0.19193,0.19206,0.19198,0.1921,0.19225,0.1926,0.19261,0.19161,0.19174,0.19173,0.1918,0.19166,0.19128,0.19115,0.19149,0.19158,0.19174,0.19174,0.1922,0.19276,0.19296,0.19216,0.19215,0.19228,0.19741,0.19757,0.19823,0.19766,0.19739,0.19664,0.19693,0.19722,0.19728,0.19763,0.17782,0.17808
RMESP-UVE-Starch-Corn-200-0.5,,,,,,,,,,,,,,,,,,,,,,,,,,,,,,,,,,,,,,,,,,,,,,,,,,,,,,,,,,,,,,,,,,,,,,,,,,,,,,,,,,,,,,,,,,,,,,,,,,,,,,,,,,,,,,,,,,,,,,,,,,,,,,,,,,,,,,,,,,,,,,,,,,,,,,,,,,,,,,,,,,,,,,,,,,,,,,,,,,,,,,,,,,,,,,,,,,,,,,,,,,,,,,,,,,,,,,,,,,,,,,,,,,,,,,,,,,,,,,,,,,,,,,,,,,,,,,,,,,,,,,,,,,,,,,,,,,,,,,,,,,,,,,,,,,,,,,,,,,,,,,,,,,,,,,,,,,,,,,,,,,,,,,,,,,,,,,,,,,,,,,,,,,,,,,,,,,,,,,,,,,,,,,,,,,,,,,,,,,,,,,,,,,,,,,,
0.39743,0.38374,0.32508,0.31419,0.29264,0.27637,0.29105,0.2752,0.20436,0.19156,0.20509,0.22328,0.21868,0.23103,0.22452,0.21094,0.21355,0.22749,0.22873,0.22315,0.22018,0.21519,0.20596,0.20553,0.21314,0.21356,0.2056,0.20634,0.21047,0.23231,0.22313,0.21568,0.21978,0.21976,0.2197,0.22325,0.22433,0.21893,0.21862,0.22225,0.22571,0.22671,0.22453,0.22607,0.22704,0.23309,0.23497,0.23636,0.24496,0.24477,0.24015,0.24092,0.24105,0.24093,0.23796,0.24193,0.24374,0.24301,0.24484,0.24405,0.24288,0.23992,0.23986,0.23599,0.23268,0.23077,0.23193,0.22627,0.22637,0.22733,0.22791,0.2279,0.22706,0.22778,0.22802,0.22333,0.22395,0.21422,0.21486,0.21381,0.21403,0.21256,0.21257,0.21269,0.21482,0.21526,0.21546,0.21435,0.21486,0.21772,0.21469,0.2156,0.21567,0.22227,0.22248,0.22248,0.2185,0.21427,0.21068,0.21072,0.21058,0.21257,0.21273,0.21095,0.21036,0.20714,0.20748,0.20755,0.20757,0.20748,0.2075,0.20751,0.20744,0.20701,0.20762,0.2096,0.20332,0.20369,0.20318,0.20317,0.2029,0.20194,0.20207,0.20209,0.20204,0.20263,0.20268,0.20252,0.20283,0.20277,0.19979,0.19997,0.19952,0.19971,0.20026,0.20157,0.20171,0.20113,0.19837,0.19847,0.19934,0.19957,0.19899,0.199,0.19946,0.19872,0.19879,0.19983,0.19883,0.19921,0.19917,0.19904,0.19904,0.19886,0.19895,0.1965,0.19645,0.19663,0.19727,0.19361,0.19332,0.19243,0.19282,0.19298,0.19345,0.19343,0.19108,0.20608,0.20312,0.20126,0.20134,0.20039,0.20065,0.20176,0.20181,0.20257,0.20135,0.20126,0.20234,0.20265,0.20277,0.20024,0.20088,0.20067,0.20042,0.20107,0.20145,0.2011,0.20123,0.20011,0.20068,0.2123,0.21268,0.21296,0.21312,0.21308,0.21244,0.20132,0.20026,0.19991,0.19817,0.19868,0.19858,0.19845,0.194,0.19377,0.19231,0.1903,0.18982,0.19,0.19004,0.19003,0.18878,0.18848,0.18846,0.18696,0.1873,0.1865,0.18652,0.18643,0.18647,0.1854,0.18526,0.18481,0.18507,0.18501,0.1835,0.18281,0.18272,0.18293,0.18296,0.18296,0.18309,0.18292,0.18296,0.1831,0.18079,0.18071,0.18066,0.18067,0.1803,0.17991,0.17897,0.17895,0.17891,0.18554,0.18472,0.18464,0.18341,0.18294,0.18307,0.18301,0.18289,0.183,0.1831,0.18293,0.18308,0.18278,0.18271,0.18272,0.18279,0.18272,0.18256,0.18255,0.18253,0.18236,0.18241,0.20208,0.20233,0.20249,0.20228,0.2016,0.19868,0.19354,0.19899,0.198,0.19781,0.19755,0.19733,0.19721,0.19521,0.19522,0.19516,0.19442,0.19436,0.19423,0.19466,0.20488,0.20464,0.19959,0.19946,0.20095,0.20097,0.20064,0.20032,0.20041,0.20175,0.20239,0.20288,0.20379,0.20356,0.20401,0.20374,0.20387,0.20365,0.2032,0.20338,0.20331,0.20323,0.20277,0.20278,0.20237,0.20221,0.20259,0.20219,0.20191,0.20159,0.20043,0.20069,0.19968,0.1996,0.19991,0.20044,0.20025,0.20034,0.2002,0.2,0.2,0.19912,0.19901,0.1979,0.19827,0.19872,0.1983,0.19864,0.19875,0.19863,0.19074,0.1904,0.19046,0.19034,0.19015,0.19087,0.19114,0.19141,0.19134,0.1914,0.19223,0.19241,0.19207,0.19241,0.19265,0.19306,0.19296,0.19337,0.19355,0.19365,0.19357,0.19949,0.19946,0.19825,0.19783,0.19887,0.19912,0.19929,0.19957,0.20038,0.20061,0.19847,0.19868,0.1985,0.19872,0.19842,0.19843,0.19796,0.19697,0.19695,0.19655,0.19591,0.19627,0.19602,0.19607,0.19536,0.1958,0.19602,0.17719,0.17757,0.19747,0.17774,0.17809,0.17809,0.17808
RMESP-UVE-Starch-Corn-200-0.6,,,,,,,,,,,,,,,,,,,,,,,,,,,,,,,,,,,,,,,,,,,,,,,,,,,,,,,,,,,,,,,,,,,,,,,,,,,,,,,,,,,,,,,,,,,,,,,,,,,,,,,,,,,,,,,,,,,,,,,,,,,,,,,,,,,,,,,,,,,,,,,,,,,,,,,,,,,,,,,,,,,,,,,,,,,,,,,,,,,,,,,,,,,,,,,,,,,,,,,,,,,,,,,,,,,,,,,,,,,,,,,,,,,,,,,,,,,,,,,,,,,,,,,,,,,,,,,,,,,,,,,,,,,,,,,,,,,,,,,,,,,,,,,,,,,,,,,,,,,,,,,,,,,,,,,,,,,,,,,,,,,,,,,,,,,,,,,,,,,,,,,,,,,,,,,,,,,,,,,,,,,,,,,,,,,,,,,,,,,,,,,,,,,,,,,
0.38106,0.38374,0.32508,0.31419,0.29264,0.2141,0.24911,0.23874,0.25474,0.28469,0.27561,0.27037,0.2636,0.26666,0.25722,0.25081,0.26364,0.26109,0.25687,0.25195,0.24189,0.23726,0.23649,0.23931,0.23925,0.23925,0.2402,0.2295,0.23002,0.24279,0.24141,0.24195,0.24792,0.24713,0.24715,0.23989,0.24056,0.2344,0.23422,0.23429,0.22916,0.22895,0.22398,0.22309,0.22426,0.22815,0.22378,0.2247,0.22544,0.22098,0.2229,0.22759,0.22766,0.22616,0.22794,0.23578,0.23635,0.23677,0.23963,0.23976,0.23948,0.24198,0.23891,0.23925,0.23969,0.24038,0.2406,0.24043,0.23973,0.24794,0.24773,0.24786,0.24881,0.24718,0.24403,0.24236,0.23308,0.23414,0.23388,0.23718,0.2379,0.23517,0.2355,0.23556,0.23284,0.22401,0.22305,0.2226,0.22247,0.22259,0.21831,0.21793,0.21337,0.20497,0.20544,0.20273,0.20267,0.2027,0.20273,0.2016,0.20037,0.20077,0.19734,0.19791,0.19515,0.1956,0.19715,0.19852,0.19753,0.19754,0.1979,0.19669,0.19669,0.19699,0.19159,0.19249,0.18991,0.18997,0.19257,0.19278,0.19277,0.1929,0.19436,0.19459,0.19465,0.19342,0.19305,0.19312,0.19301,0.19304,0.19287,0.1925,0.19283,0.19352,0.193,0.19316,0.19328,0.1939,0.19408,0.19469,0.19494,0.194,0.1931,0.19307,0.19282,0.19287,0.19437,0.19444,0.1946,0.1942,0.19454,0.19449,0.19421,0.19212,0.19249,0.19264,0.19264,0.19006,0.19011,0.19076,0.19072,0.18904,0.18922,0.18943,0.18941,0.18962,0.18956,0.18971,0.18946,0.18736,0.18669,0.18706,0.18695,0.18594,0.18447,0.18522,0.18608,0.18614,0.1845,0.18448,0.18457,0.18481,0.18462,0.18481,0.18505,0.19676,0.196,0.19533,0.19622,0.19297,0.18988,0.18985,0.19261,0.19303,0.19118,0.19129,0.19176,0.19178,0.1918,0.19229,0.19036,0.19029,0.19021,0.18986,0.19003,0.19021,0.19033,0.18942,0.18918,0.18902,0.18862,0.18868,0.18803,0.18708,0.19378,0.19306,0.19284,0.1926,0.1917,0.19172,0.19185,0.19155,0.19047,0.19051,0.19044,0.18961,0.18959,0.18941,0.18758,0.18759,0.18794,0.18794,0.18786,0.18803,0.18791,0.18718,0.18694,0.18541,0.18503,0.18506,0.18503,0.18511,0.18539,0.1854,0.18507,0.18487,0.18425,0.18407,0.18416,0.18758,0.18749,0.1872,0.1872,0.18723,0.18727,0.18731,0.19325,0.19321,0.19309,0.21032,0.21035,0.20521,0.20418,0.20357,0.20998,0.20994,0.20699,0.20627,0.20603,0.20511,0.20547,0.20414,0.20406,0.20407,0.20613,0.20598,0.20605,0.20585,0.20644,0.20615,0.20825,0.20766,0.20759,0.20753,0.20733,0.20587,0.20482,0.20481,0.2051,0.20559,0.20578,0.20579,0.20596,0.20582,0.2046,0.20427,0.20065,0.20043,0.20031,0.20039,0.20001,0.20047,0.19952,0.19041,0.19068,0.19117,0.19174,0.19174,0.19173,0.19152,0.19106,0.19105,0.1914,0.19203,0.1919,0.19181,0.19132,0.19176,0.19185,0.19186,0.19203,0.19232,0.19212,0.19153,0.19134,0.19137,0.19115,0.19062,0.19019,0.19018,0.1908,0.19068,0.1906,0.19052,0.1909,0.19078,0.19057,0.19073,0.19087,0.19089,0.19103,0.19089,0.1909,0.19049,0.19072,0.19111,0.19124,0.19123,0.19146,0.1914,0.19143,0.19162,0.19169,0.19099,0.19168,0.19192,0.19191,0.19179,0.19226,0.191,0.19073,0.19105,0.19191,0.19191,0.19204,0.19195,0.19216,0.19226,0.19212,0.1918,0.19242,0.19251,0.19212,0.19723,0.19739,0.19719,0.19754,0.19684,0.19702,0.19627,0.19627,0.19676,0.19653,0.1958,0.19602,0.17719,0.17757,0.17794,0.17797,0.17827,0.17809,0.17808
RMESP-UVE-Starch-Corn-200-0.7,,,,,,,,,,,,,,,,,,,,,,,,,,,,,,,,,,,,,,,,,,,,,,,,,,,,,,,,,,,,,,,,,,,,,,,,,,,,,,,,,,,,,,,,,,,,,,,,,,,,,,,,,,,,,,,,,,,,,,,,,,,,,,,,,,,,,,,,,,,,,,,,,,,,,,,,,,,,,,,,,,,,,,,,,,,,,,,,,,,,,,,,,,,,,,,,,,,,,,,,,,,,,,,,,,,,,,,,,,,,,,,,,,,,,,,,,,,,,,,,,,,,,,,,,,,,,,,,,,,,,,,,,,,,,,,,,,,,,,,,,,,,,,,,,,,,,,,,,,,,,,,,,,,,,,,,,,,,,,,,,,,,,,,,,,,,,,,,,,,,,,,,,,,,,,,,,,,,,,,,,,,,,,,,,,,,,,,,,,,,,,,,,,,,,,,
0.39743,0.38374,0.34066,0.31419,0.29264,0.2141,0.22079,0.23968,0.25967,0.25217,0.23942,0.24996,0.24528,0.24329,0.21846,0.22632,0.23309,0.23069,0.2371,0.25593,0.24768,0.24817,0.23937,0.2376,0.25107,0.23906,0.23899,0.23472,0.24446,0.24959,0.2381,0.24136,0.24211,0.24011,0.24208,0.2422,0.24314,0.23643,0.23666,0.23181,0.2333,0.23311,0.2337,0.22812,0.22847,0.22444,0.22651,0.23472,0.23445,0.2338,0.23665,0.23814,0.23926,0.23281,0.23739,0.23739,0.23438,0.23413,0.23446,0.2354,0.23598,0.23612,0.23703,0.23744,0.23756,0.24039,0.24096,0.23919,0.24768,0.2476,0.24859,0.24991,0.23895,0.23608,0.23457,0.23384,0.23469,0.23486,0.23469,0.23537,0.2349,0.23826,0.23365,0.22871,0.2288,0.21938,0.21595,0.21166,0.20999,0.20698,0.20473,0.20487,0.20489,0.20536,0.20567,0.20557,0.2056,0.20563,0.20574,0.20579,0.20596,0.20616,0.20629,0.2066,0.20582,0.19996,0.19197,0.18948,0.18938,0.1894,0.18953,0.19054,0.18977,0.18887,0.18782,0.18805,0.18952,0.18954,0.18945,0.18905,0.18913,0.19036,0.19303,0.1942,0.19431,0.1945,0.19483,0.19657,0.19586,0.19588,0.19594,0.19605,0.19617,0.19558,0.1925,0.19322,0.1932,0.19333,0.19375,0.19009,0.18973,0.18956,0.18933,0.1885,0.18619,0.18621,0.18619,0.18626,0.18706,0.18738,0.18773,0.18838,0.1882,0.18813,0.18835,0.18813,0.1882,0.18634,0.18651,0.18499,0.18529,0.18457,0.18556,0.18552,0.18412,0.18432,0.18458,0.1976,0.19737,0.19742,0.19794,0.19814,0.1981,0.19732,0.19733,0.19703,0.19467,0.19472,0.19468,0.19461,0.1947,0.19437,0.19434,0.19303,0.19204,0.19146,0.19353,0.19367,0.1915,0.19119,0.18997,0.19059,0.19068,0.19068,0.19066,0.18952,0.18948,0.18954,0.18793,0.1872,0.1876,0.18765,0.18743,0.18741,0.18716,0.18757,0.18783,0.18776,0.18691,0.18718,0.18735,0.18718,0.1866,0.18421,0.18435,0.18374,0.1839,0.18397,0.18461,0.18498,0.18417,0.18355,0.18354,0.1836,0.18992,0.18996,0.18956,0.18958,0.18959,0.18941,0.18937,0.18929,0.18931,0.18775,0.18713,0.18705,0.18699,0.18524,0.1853,0.18533,0.18558,0.18486,0.19945,0.19933,0.19926,0.19923,0.19907,0.1991,0.19912,0.19906,0.19848,0.19808,0.19512,0.19755,0.19691,0.1969,0.1963,0.19607,0.19559,0.19561,0.19533,0.20688,0.20607,0.20633,0.20622,0.20268,0.20292,0.20178,0.20138,0.20117,0.20129,0.20174,0.20146,0.2016,0.20159,0.20201,0.1992,0.20013,0.20064,0.20083,0.20072,0.20053,0.20035,0.19778,0.20147,0.19666,0.19635,0.19609,0.19603,0.1965,0.20187,0.20168,0.20059,0.19467,0.19477,0.19481,0.19478,0.1947,0.19441,0.19414,0.19465,0.17434,0.19253,0.19244,0.19237,0.19209,0.19196,0.19188,0.19235,0.19259,0.19255,0.1925,0.1925,0.19249,0.1923,0.19209,0.19235,0.20242,0.20227,0.20241,0.19188,0.1916,0.19112,0.19138,0.19142,0.19155,0.19143,0.19134,0.19095,0.19096,0.19123,0.19086,0.19078,0.19017,0.19008,0.19008,0.18956,0.18994,0.1901,0.19066,0.19083,0.19087,0.19144,0.19147,0.19137,0.19135,0.19135,0.19134,0.19205,0.19222,0.19244,0.19231,0.19229,0.19243,0.1925,0.19274,0.19275,0.1923,0.19323,0.19294,0.19333,0.19192,0.19174,0.19136,0.19156,0.19156,0.19172,0.19165,0.19176,0.19171,0.19182,0.19244,0.19212,0.19723,0.19762,0.19776,0.19754,0.19772,0.19689,0.1974,0.19678,0.19704,0.197,0.19676,0.19602,0.19664,0.17757,0.17761,0.17791,0.17775,0.17809,0.17808
RMESP-UVE-Starch-Corn-200-0.8,,,,,,,,,,,,,,,,,,,,,,,,,,,,,,,,,,,,,,,,,,,,,,,,,,,,,,,,,,,,,,,,,,,,,,,,,,,,,,,,,,,,,,,,,,,,,,,,,,,,,,,,,,,,,,,,,,,,,,,,,,,,,,,,,,,,,,,,,,,,,,,,,,,,,,,,,,,,,,,,,,,,,,,,,,,,,,,,,,,,,,,,,,,,,,,,,,,,,,,,,,,,,,,,,,,,,,,,,,,,,,,,,,,,,,,,,,,,,,,,,,,,,,,,,,,,,,,,,,,,,,,,,,,,,,,,,,,,,,,,,,,,,,,,,,,,,,,,,,,,,,,,,,,,,,,,,,,,,,,,,,,,,,,,,,,,,,,,,,,,,,,,,,,,,,,,,,,,,,,,,,,,,,,,,,,,,,,,,,,,,,,,,,,,,,,
0.37195,0.37733,0.34134,0.31419,0.29264,0.43427,0.24911,0.25545,0.27914,0.27431,0.27388,0.2728,0.26138,0.26119,0.23901,0.24441,0.24904,0.24474,0.27714,0.26445,0.26293,0.25432,0.24726,0.22351,0.22371,0.22314,0.23143,0.24384,0.24306,0.24068,0.24419,0.24386,0.24461,0.23601,0.23612,0.23657,0.23715,0.2315,0.23041,0.23184,0.232,0.23345,0.2293,0.22864,0.22535,0.22672,0.22326,0.22284,0.22409,0.22419,0.22413,0.22469,0.22991,0.23093,0.234,0.23399,0.23499,0.24275,0.24267,0.24573,0.2462,0.24044,0.24052,0.2414,0.24257,0.24425,0.24418,0.24463,0.24483,0.24532,0.24383,0.23645,0.22762,0.2252,0.21997,0.21759,0.21321,0.20463,0.20518,0.20528,0.20608,0.20264,0.20266,0.20277,0.20795,0.21093,0.2066,0.19994,0.20031,0.2004,0.19984,0.20005,0.19933,0.19936,0.19941,0.19967,0.19965,0.19991,0.19995,0.19883,0.19938,0.1984,0.19849,0.1984,0.19857,0.19872,0.19891,0.19909,0.1986,0.19672,0.19666,0.18775,0.18786,0.18747,0.18771,0.18907,0.19011,0.18749,0.18373,0.18504,0.18504,0.18531,0.18512,0.18495,0.18504,0.18456,0.18697,0.18714,0.18882,0.18599,0.186,0.18503,0.18513,0.18447,0.18475,0.18431,0.18471,0.18513,0.18503,0.18538,0.18597,0.18602,0.18603,0.18705,0.18711,0.18673,0.18673,0.18413,0.18268,0.18269,0.18282,0.18243,0.18215,0.18204,0.18211,0.18187,0.18193,0.18034,0.18114,0.18224,0.18063,0.18092,0.17761,0.17755,0.17597,0.17608,0.17597,0.17647,0.18927,0.1891,0.18933,0.18826,0.18828,0.18855,0.18688,0.18661,0.18514,0.18501,0.18608,0.18657,0.18595,0.18598,0.18562,0.18557,0.18473,0.18472,0.18475,0.18323,0.18333,0.18327,0.18324,0.18319,0.18329,0.18621,0.18667,0.18678,0.18658,0.18655,0.18668,0.18617,0.1865,0.18652,0.1868,0.18684,0.18679,0.18613,0.18616,0.18553,0.1853,0.18539,0.18591,0.18608,0.18602,0.18583,0.186,0.18587,0.18537,0.18536,0.1853,0.1846,0.20167,0.20184,0.19871,0.1979,0.19792,0.198,0.19801,0.19589,0.1959,0.19579,0.20114,0.20382,0.20411,0.20427,0.2044,0.2044,0.20311,0.20312,0.20147,0.20155,0.20156,0.20018,0.19923,0.1987,0.19819,0.19818,0.19788,0.19793,0.1974,0.1971,0.19705,0.20034,0.20009,0.20003,0.20005,0.20002,0.1998,0.19983,0.19968,0.19968,0.19848,0.1976,0.20774,0.20759,0.20769,0.20285,0.20305,0.20266,0.2026,0.20265,0.20338,0.20409,0.20357,0.20603,0.19823,0.21377,0.21373,0.21379,0.21296,0.20341,0.19534,0.20138,0.1752,0.17471,0.17467,0.17471,0.17458,0.17472,0.1741,0.20185,0.20087,0.20079,0.17522,0.17519,0.1755,0.17522,0.17522,0.17524,0.20059,0.17513,0.17535,0.17559,0.17555,0.1755,0.17543,0.17517,0.17521,0.17565,0.20031,0.17512,0.17527,0.17522,0.19993,0.19963,0.19963,0.19963,0.2008,0.19164,0.20176,0.19232,0.19199,0.17462,0.1745,0.17443,0.17469,0.17472,0.19156,0.19157,0.19116,0.19115,0.19095,0.1904,0.19077,0.19027,0.19044,0.19048,0.19048,0.19042,0.191,0.19091,0.19084,0.19074,0.1913,0.19145,0.19144,0.19143,0.19144,0.19097,0.19112,0.19176,0.19156,0.1915,0.19061,0.19058,0.19043,0.19007,0.18996,0.19013,0.19011,0.1902,0.19025,0.19107,0.19108,0.19083,0.19094,0.19094,0.19069,0.19086,0.19096,0.19104,0.19092,0.19152,0.19168,0.19203,0.19232,0.19247,0.19182,0.19684,0.19702,0.19695,0.19627,0.19651,0.197,0.19676,0.19602,0.19664,0.17757,0.17761,0.17791,0.17775,0.17809,0.17808
RMESP-UVE-Starch-Corn-200-0.9,,,,,,,,,,,,,,,,,,,,,,,,,,,,,,,,,,,,,,,,,,,,,,,,,,,,,,,,,,,,,,,,,,,,,,,,,,,,,,,,,,,,,,,,,,,,,,,,,,,,,,,,,,,,,,,,,,,,,,,,,,,,,,,,,,,,,,,,,,,,,,,,,,,,,,,,,,,,,,,,,,,,,,,,,,,,,,,,,,,,,,,,,,,,,,,,,,,,,,,,,,,,,,,,,,,,,,,,,,,,,,,,,,,,,,,,,,,,,,,,,,,,,,,,,,,,,,,,,,,,,,,,,,,,,,,,,,,,,,,,,,,,,,,,,,,,,,,,,,,,,,,,,,,,,,,,,,,,,,,,,,,,,,,,,,,,,,,,,,,,,,,,,,,,,,,,,,,,,,,,,,,,,,,,,,,,,,,,,,,,,,,,,,,,,,,
0.37195,0.33784,0.31532,0.22369,0.21407,0.25142,0.24345,0.25294,0.27625,0.28693,0.27268,0.2634,0.25721,0.23495,0.23254,0.25976,0.24778,0.23844,0.2361,0.22879,0.22757,0.22606,0.25397,0.27056,0.27863,0.25301,0.25327,0.25789,0.2575,0.25607,0.25711,0.25457,0.25449,0.25742,0.25143,0.25416,0.25369,0.25386,0.24942,0.24895,0.24894,0.24869,0.24814,0.24389,0.24384,0.24507,0.24824,0.23874,0.23917,0.23516,0.23495,0.23588,0.23935,0.24022,0.23704,0.23856,0.23932,0.23977,0.23994,0.24017,0.24102,0.23075,0.23006,0.23078,0.21864,0.21866,0.21749,0.21793,0.21782,0.21865,0.21696,0.21337,0.20903,0.20646,0.20279,0.20285,0.20346,0.20635,0.20777,0.20426,0.20313,0.20389,0.20444,0.20131,0.20139,0.19795,0.19317,0.19556,0.1956,0.19597,0.19605,0.19604,0.19628,0.19626,0.1965,0.19666,0.19682,0.19688,0.19614,0.19634,0.19651,0.19639,0.1964,0.19539,0.19961,0.1997,0.19743,0.1968,0.18817,0.18848,0.18461,0.18215,0.18142,0.18091,0.18101,0.18227,0.18215,0.18411,0.18421,0.18522,0.185,0.18519,0.18486,0.1851,0.18261,0.18277,0.18278,0.1828,0.18408,0.18607,0.18617,0.18626,0.18641,0.18641,0.18678,0.18724,0.18677,0.18581,0.18543,0.18373,0.18369,0.18408,0.18464,0.18471,0.1823,0.18203,0.18206,0.18207,0.18216,0.1829,0.1822,0.18222,0.18177,0.18282,0.18236,0.18336,0.17961,0.17978,0.17863,0.17661,0.17651,0.17489,0.17385,0.17375,0.17438,0.17434,0.17427,0.17457,0.17448,0.17337,0.17348,0.17389,0.17427,0.17292,0.17297,0.18465,0.1822,0.18171,0.18159,0.18261,0.18289,0.18286,0.18291,0.18286,0.18252,0.18167,0.18188,0.18182,0.18107,0.18113,0.18092,0.18409,0.18563,0.1858,0.18615,0.18615,0.18639,0.18653,0.18688,0.20461,0.2046,0.20462,0.20408,0.20345,0.20361,0.20331,0.20312,0.20314,0.20312,0.20311,0.20311,0.2031,0.20315,0.20247,0.20183,0.20098,0.20338,0.20347,0.20328,0.20328,0.20328,0.20331,0.20346,0.20356,0.20383,0.20392,0.20384,0.20084,0.19912,0.19876,0.2039,0.20339,0.20251,0.20251,0.20251,0.20243,0.20245,0.2009,0.20056,0.20029,0.19881,0.19846,0.20153,0.20161,0.20161,0.20085,0.20028,0.20029,0.20017,0.1997,0.19974,0.19975,0.19883,0.19861,0.19856,0.19744,0.19738,0.20187,0.20187,0.21335,0.21282,0.21278,0.21283,0.21248,0.19977,0.19984,0.19988,0.20021,0.19992,0.19963,0.20004,0.20049,0.19752,0.19715,0.19678,0.19702,0.19744,0.19754,0.19744,0.19794,0.20163,0.20173,0.20214,0.20218,0.20194,0.20226,0.20193,0.20134,0.20181,0.20154,0.17498,0.17519,0.20029,0.17534,0.17521,0.17517,0.176,0.17596,0.17572,0.17576,0.17596,0.17563,0.17574,0.17543,0.19987,0.1998,0.1998,0.19924,0.19924,0.19943,0.19946,0.17541,0.1754,0.17566,0.20015,0.20109,0.17496,0.17493,0.20131,0.1743,0.17417,0.20222,0.20221,0.17439,0.17469,0.17504,0.17507,0.17509,0.1924,0.19171,0.19143,0.19136,0.191,0.1909,0.19084,0.19139,0.19127,0.19033,0.18984,0.18987,0.18965,0.18954,0.18943,0.1892,0.18966,0.18978,0.18974,0.18971,0.18971,0.18956,0.18975,0.18984,0.18984,0.18943,0.18958,0.19043,0.19056,0.1911,0.19117,0.19102,0.19086,0.19064,0.19062,0.19051,0.19057,0.19055,0.19072,0.19105,0.19124,0.19131,0.19131,0.19131,0.1914,0.19174,0.19232,0.1925,0.19172,0.19183,0.19127,0.19171,0.19183,0.19186,0.19165,0.19226,0.19739,0.19664,0.17757,0.19747,0.19774,0.17782,0.17809,0.17808
RMESP-UVE-Starch-Corn-300-0.5,,,,,,,,,,,,,,,,,,,,,,,,,,,,,,,,,,,,,,,,,,,,,,,,,,,,,,,,,,,,,,,,,,,,,,,,,,,,,,,,,,,,,,,,,,,,,,,,,,,,,,,,,,,,,,,,,,,,,,,,,,,,,,,,,,,,,,,,,,,,,,,,,,,,,,,,,,,,,,,,,,,,,,,,,,,,,,,,,,,,,,,,,,,,,,,,,,,,,,,,,,,,,,,,,,,,,,,,,,,,,,,,,,,,,,,,,,,,,,,,,,,,,,,,,,,,,,,,,,,,,,,,,,,,,,,,,,,,,,,,,,,,,,,,,,,,,,,,,,,,,,,,,,,,,,,,,,,,,,,,,,,,,,,,,,,,,,,,,,,,,,,,,,,,,,,,,,,,,,,,,,,,,,,,,,,,,,,,,,,,,,,,,,,,,,,
0.39743,0.38374,0.32508,0.31419,0.29264,0.31448,0.29105,0.20952,0.23087,0.217,0.22255,0.22732,0.22398,0.22781,0.23671,0.23823,0.21669,0.21371,0.24786,0.23652,0.22083,0.22117,0.21958,0.22025,0.21176,0.21613,0.21482,0.21469,0.22453,0.23421,0.2382,0.22879,0.23213,0.23465,0.22763,0.22032,0.22233,0.22427,0.22557,0.23005,0.23448,0.23487,0.22971,0.22977,0.22936,0.23155,0.23415,0.23361,0.23694,0.2381,0.23836,0.23834,0.23618,0.23595,0.23709,0.23697,0.23742,0.23429,0.24344,0.24048,0.24159,0.2409,0.24199,0.24232,0.24286,0.24272,0.24268,0.24416,0.24253,0.24348,0.23967,0.24023,0.23603,0.2363,0.23206,0.23263,0.23544,0.23142,0.22257,0.22245,0.22026,0.22075,0.22147,0.2215,0.22479,0.21779,0.21801,0.21843,0.21736,0.21777,0.21382,0.21622,0.21548,0.21555,0.21287,0.21326,0.2133,0.21346,0.213,0.213,0.21286,0.21767,0.21803,0.21912,0.21921,0.21912,0.21743,0.21393,0.21232,0.21258,0.21269,0.21299,0.20946,0.21142,0.20821,0.20826,0.20816,0.20807,0.20186,0.20183,0.1986,0.1986,0.19863,0.19928,0.19943,0.19978,0.1999,0.19961,0.19985,0.19987,0.19975,0.19988,0.19865,0.19602,0.1956,0.1962,0.19738,0.19868,0.19852,0.19768,0.19767,0.19819,0.19787,0.19794,0.19865,0.19847,0.19849,0.19882,0.19919,0.19876,0.19775,0.19797,0.19762,0.19532,0.19529,0.19528,0.19309,0.19082,0.19097,0.19093,0.19112,0.19108,0.19261,0.193,0.19212,0.18948,0.18952,0.18868,0.18902,0.20309,0.20342,0.20315,0.20369,0.20379,0.2041,0.20492,0.2026,0.20325,0.20317,0.19955,0.19978,0.20129,0.20126,0.2014,0.20243,0.20202,0.20222,0.20285,0.2027,0.20261,0.20251,0.20264,0.20137,0.20153,0.20055,0.20015,0.2002,0.20006,0.19956,0.19924,0.20001,0.20001,0.19931,0.19923,0.19862,0.19716,0.19589,0.19448,0.19493,0.19495,0.19395,0.19413,0.19386,0.1941,0.19357,0.19386,0.18961,0.18959,0.18964,0.18965,0.18969,0.18946,0.18795,0.18763,0.18747,0.18743,0.18737,0.18692,0.18651,0.18649,0.18471,0.18317,0.18248,0.18242,0.18154,0.18817,0.18833,0.18824,0.18735,0.18723,0.18675,0.18666,0.1866,0.18485,0.18484,0.18423,0.18403,0.18384,0.18387,0.18376,0.18386,0.18415,0.18414,0.18397,0.18296,0.18244,0.18243,0.18272,0.18282,0.18284,0.18167,0.18155,0.18158,0.18145,0.1972,0.19697,0.19689,0.19662,0.19657,0.19673,0.19644,0.19322,0.1934,0.19822,0.1972,0.19806,0.1974,0.19747,0.19745,0.20951,0.20926,0.20933,0.20943,0.20879,0.20881,0.20831,0.20828,0.20683,0.20702,0.20694,0.20671,0.20235,0.20244,0.20227,0.20203,0.20243,0.20258,0.20222,0.20271,0.20302,0.20292,0.20234,0.20172,0.20185,0.20295,0.20288,0.20286,0.20358,0.20324,0.20355,0.20326,0.2028,0.20256,0.20136,0.20101,0.20108,0.20134,0.20124,0.2016,0.20146,0.20031,0.19933,0.19928,0.19877,0.1986,0.19911,0.19857,0.1969,0.19727,0.19675,0.19676,0.18956,0.1895,0.19006,0.19006,0.19016,0.19061,0.19099,0.19018,0.19031,0.1902,0.19003,0.18993,0.1899,0.19003,0.19065,0.19076,0.19141,0.19183,0.19223,0.19211,0.1924,0.19198,0.1928,0.19286,0.19298,0.19211,0.19234,0.19205,0.19211,0.19235,0.19329,0.19329,0.19904,0.19932,0.20013,0.19807,0.19827,0.19849,0.19868,0.1984,0.19821,0.19822,0.19843,0.19826,0.19745,0.1968,0.1963,0.19591,0.19627,0.19602,0.19607,0.19536,0.1958,0.19602,0.17719,0.17757,0.17794,0.17823,0.17809,0.17809,0.17808
RMESP-UVE-Starch-Corn-300-0.6,,,,,,,,,,,,,,,,,,,,,,,,,,,,,,,,,,,,,,,,,,,,,,,,,,,,,,,,,,,,,,,,,,,,,,,,,,,,,,,,,,,,,,,,,,,,,,,,,,,,,,,,,,,,,,,,,,,,,,,,,,,,,,,,,,,,,,,,,,,,,,,,,,,,,,,,,,,,,,,,,,,,,,,,,,,,,,,,,,,,,,,,,,,,,,,,,,,,,,,,,,,,,,,,,,,,,,,,,,,,,,,,,,,,,,,,,,,,,,,,,,,,,,,,,,,,,,,,,,,,,,,,,,,,,,,,,,,,,,,,,,,,,,,,,,,,,,,,,,,,,,,,,,,,,,,,,,,,,,,,,,,,,,,,,,,,,,,,,,,,,,,,,,,,,,,,,,,,,,,,,,,,,,,,,,,,,,,,,,,,,,,,,,,,,,,
0.39743,0.38374,0.32508,0.31419,0.29264,0.2141,0.24911,0.26711,0.25794,0.24963,0.26779,0.26678,0.2667,0.26186,0.25742,0.25594,0.24903,0.24934,0.24549,0.247,0.24568,0.25377,0.25219,0.26357,0.26677,0.25269,0.24831,0.24593,0.24566,0.24691,0.25026,0.25138,0.24201,0.24158,0.23533,0.23297,0.2341,0.2287,0.22916,0.23081,0.23128,0.23132,0.23157,0.2322,0.23006,0.22571,0.22566,0.22907,0.23028,0.23129,0.23248,0.23164,0.22683,0.23358,0.23032,0.23219,0.2328,0.23281,0.23333,0.23426,0.23368,0.23386,0.23382,0.23801,0.23817,0.2375,0.24018,0.23693,0.23743,0.2379,0.23801,0.22805,0.22905,0.22899,0.23632,0.2362,0.23305,0.23358,0.23308,0.23057,0.22936,0.22914,0.22882,0.21994,0.21578,0.21103,0.21102,0.21386,0.21403,0.20531,0.20531,0.20173,0.2024,0.20278,0.20306,0.20303,0.20352,0.20366,0.20336,0.20344,0.20052,0.2027,0.20278,0.20271,0.20386,0.20256,0.2025,0.20284,0.20369,0.20212,0.20122,0.20164,0.19826,0.19762,0.19834,0.19638,0.19667,0.19165,0.19439,0.19187,0.19202,0.1932,0.19256,0.19246,0.19251,0.19218,0.19217,0.19233,0.19232,0.19237,0.19243,0.19267,0.19234,0.19247,0.19314,0.19383,0.19396,0.19187,0.19212,0.19218,0.19223,0.19276,0.19253,0.1925,0.19164,0.19153,0.19128,0.19277,0.19284,0.19298,0.19268,0.19169,0.19183,0.19217,0.19233,0.19233,0.1927,0.19339,0.19338,0.19365,0.19099,0.18923,0.18762,0.18863,0.18852,0.18869,0.20254,0.20273,0.20239,0.20233,0.20229,0.20016,0.20028,0.20024,0.19943,0.19956,0.19952,0.20006,0.20031,0.19887,0.19863,0.19853,0.19681,0.19651,0.19664,0.19602,0.19609,0.19596,0.19804,0.19826,0.19552,0.19546,0.19551,0.1954,0.19592,0.196,0.19599,0.19573,0.19645,0.19332,0.19283,0.19162,0.18976,0.18885,0.18902,0.1885,0.18787,0.18827,0.18736,0.18643,0.18632,0.18638,0.18624,0.18638,0.18616,0.18536,0.18542,0.19204,0.19234,0.19166,0.19181,0.19073,0.19073,0.19,0.19005,0.19031,0.1902,0.19,0.19001,0.19004,0.18922,0.18954,0.18957,0.18954,0.18954,0.18925,0.18933,0.18931,0.18927,0.1892,0.18913,0.18867,0.18689,0.19049,0.18983,0.18842,0.18831,0.18832,0.18459,0.18441,0.18441,0.18444,0.18446,0.18451,0.19039,0.19013,0.18944,0.18922,0.18958,0.18956,0.18942,0.18941,0.18915,0.18907,0.1891,0.18881,0.18876,0.1881,0.18815,0.18762,0.18773,0.18772,0.18773,0.20249,0.20237,0.20117,0.20131,0.2012,0.20132,0.20121,0.20156,0.20147,0.20124,0.19606,0.19428,0.19465,0.19472,0.19427,0.20715,0.20697,0.20626,0.20626,0.20671,0.20544,0.20581,0.20484,0.20461,0.20484,0.20107,0.20118,0.20092,0.20075,0.20061,0.20072,0.20136,0.19298,0.19226,0.19207,0.19205,0.19205,0.19152,0.19156,0.1922,0.19207,0.19217,0.19193,0.1918,0.19158,0.19129,0.19149,0.19138,0.1909,0.1913,0.19142,0.19092,0.19074,0.19076,0.20333,0.19092,0.19089,0.1907,0.19108,0.1911,0.19059,0.19016,0.19031,0.19058,0.19117,0.19102,0.19168,0.19117,0.1913,0.19129,0.19126,0.19116,0.19143,0.19147,0.1915,0.19189,0.1921,0.19239,0.19238,0.19227,0.1914,0.19141,0.1914,0.19161,0.1923,0.19226,0.1932,0.19187,0.19159,0.19191,0.19185,0.19198,0.19158,0.19139,0.19159,0.19224,0.19768,0.19745,0.19763,0.19762,0.19723,0.19739,0.19719,0.19754,0.19772,0.19702,0.19627,0.19678,0.19676,0.197,0.19676,0.19602,0.19664,0.17757,0.19747,0.19774,0.17775,0.17809,0.17808
RMESP-UVE-Starch-Corn-300-0.7,,,,,,,,,,,,,,,,,,,,,,,,,,,,,,,,,,,,,,,,,,,,,,,,,,,,,,,,,,,,,,,,,,,,,,,,,,,,,,,,,,,,,,,,,,,,,,,,,,,,,,,,,,,,,,,,,,,,,,,,,,,,,,,,,,,,,,,,,,,,,,,,,,,,,,,,,,,,,,,,,,,,,,,,,,,,,,,,,,,,,,,,,,,,,,,,,,,,,,,,,,,,,,,,,,,,,,,,,,,,,,,,,,,,,,,,,,,,,,,,,,,,,,,,,,,,,,,,,,,,,,,,,,,,,,,,,,,,,,,,,,,,,,,,,,,,,,,,,,,,,,,,,,,,,,,,,,,,,,,,,,,,,,,,,,,,,,,,,,,,,,,,,,,,,,,,,,,,,,,,,,,,,,,,,,,,,,,,,,,,,,,,,,,,,,,
0.38106,0.38374,0.34066,0.31419,0.29264,0.2141,0.24345,0.25294,0.27625,0.26977,0.25918,0.25303,0.26138,0.26119,0.26395,0.26044,0.25466,0.25195,0.25168,0.2618,0.28627,0.2492,0.23852,0.22879,0.23085,0.23104,0.24519,0.24678,0.25315,0.25303,0.25348,0.24445,0.23701,0.2361,0.23564,0.23586,0.23007,0.22825,0.23212,0.23369,0.23277,0.22844,0.23053,0.22688,0.22694,0.22702,0.22744,0.22781,0.2329,0.23336,0.23389,0.24284,0.24399,0.23706,0.23271,0.23291,0.2328,0.23553,0.23641,0.23556,0.23407,0.23405,0.23481,0.23526,0.23789,0.23926,0.24033,0.24059,0.24102,0.24092,0.23959,0.24727,0.24416,0.23444,0.23504,0.2337,0.23456,0.23475,0.23457,0.23414,0.22261,0.21907,0.22218,0.22212,0.22245,0.22047,0.2163,0.2165,0.21653,0.21312,0.21322,0.21336,0.21399,0.21428,0.21085,0.21137,0.2115,0.21193,0.2118,0.21205,0.21115,0.20165,0.20204,0.20077,0.19431,0.19136,0.19026,0.18888,0.1863,0.18668,0.18677,0.18668,0.18691,0.18833,0.18788,0.188,0.1879,0.18789,0.18888,0.18892,0.19169,0.19306,0.1933,0.1926,0.1927,0.19277,0.19288,0.19287,0.19308,0.19411,0.19428,0.19431,0.19405,0.19462,0.19406,0.19451,0.19621,0.19634,0.19616,0.19202,0.19105,0.1911,0.19141,0.18876,0.18889,0.18861,0.18889,0.18886,0.18853,0.18626,0.18678,0.18656,0.18736,0.18771,0.18749,0.18755,0.18772,0.18706,0.18544,0.18646,0.1871,0.18727,0.18708,0.18726,0.18564,0.18565,0.18547,0.19881,0.19876,0.19876,0.1985,0.19864,0.19874,0.19686,0.19683,0.19878,0.19867,0.19804,0.19577,0.19571,0.1933,0.19332,0.19296,0.19321,0.19315,0.19312,0.19321,0.19201,0.19142,0.19138,0.19148,0.19148,0.19179,0.19179,0.1907,0.18966,0.18853,0.18733,0.1877,0.18767,0.18805,0.18846,0.18862,0.18772,0.18771,0.18773,0.18767,0.18708,0.18725,0.18749,0.18707,0.18757,0.19414,0.19168,0.19147,0.19163,0.19154,0.19139,0.19141,0.19119,0.19042,0.19055,0.18975,0.18967,0.18999,0.19001,0.19006,0.18961,0.18964,0.18889,0.18915,0.18916,0.18917,0.1884,0.18835,0.18807,0.1881,0.18818,0.18804,0.1873,0.18557,0.18557,0.18579,0.18556,0.1841,0.18419,0.18759,0.20175,0.20145,0.20147,0.20143,0.20145,0.20147,0.20142,0.19847,0.19792,0.20303,0.20307,0.20305,0.20222,0.20266,0.20265,0.20117,0.20103,0.20047,0.20019,0.19988,0.20518,0.20126,0.20515,0.20507,0.20508,0.20491,0.20429,0.20436,0.20448,0.2051,0.20449,0.20428,0.20364,0.20381,0.20405,0.20411,0.20397,0.20379,0.20379,0.204,0.20371,0.20173,0.20189,0.20224,0.20228,0.199,0.19893,0.19749,0.19781,0.19401,0.19383,0.19431,0.1944,0.19465,0.19454,0.19434,0.19491,0.19487,0.17476,0.20151,0.17443,0.17474,0.17558,0.17498,0.17496,0.17491,0.17494,0.17498,0.20041,0.19168,0.19175,0.19175,0.19204,0.19242,0.19222,0.19203,0.19201,0.19193,0.19151,0.19169,0.19152,0.19141,0.19156,0.19157,0.19103,0.19104,0.19097,0.1906,0.19077,0.19059,0.19098,0.19085,0.19075,0.19133,0.19085,0.19024,0.19028,0.19042,0.19101,0.19105,0.1912,0.1919,0.19207,0.19205,0.19204,0.19203,0.19204,0.19195,0.19214,0.19121,0.19109,0.19093,0.19178,0.19179,0.19188,0.1916,0.19173,0.19155,0.1917,0.19202,0.19193,0.19204,0.19164,0.19182,0.19153,0.19143,0.19203,0.19232,0.19739,0.1967,0.19684,0.19702,0.19627,0.19627,0.19607,0.19653,0.1958,0.19602,0.17719,0.17757,0.17788,0.17774,0.17775,0.17809,0.17808
RMESP-UVE-Starch-Corn-300-0.8,,,,,,,,,,,,,,,,,,,,,,,,,,,,,,,,,,,,,,,,,,,,,,,,,,,,,,,,,,,,,,,,,,,,,,,,,,,,,,,,,,,,,,,,,,,,,,,,,,,,,,,,,,,,,,,,,,,,,,,,,,,,,,,,,,,,,,,,,,,,,,,,,,,,,,,,,,,,,,,,,,,,,,,,,,,,,,,,,,,,,,,,,,,,,,,,,,,,,,,,,,,,,,,,,,,,,,,,,,,,,,,,,,,,,,,,,,,,,,,,,,,,,,,,,,,,,,,,,,,,,,,,,,,,,,,,,,,,,,,,,,,,,,,,,,,,,,,,,,,,,,,,,,,,,,,,,,,,,,,,,,,,,,,,,,,,,,,,,,,,,,,,,,,,,,,,,,,,,,,,,,,,,,,,,,,,,,,,,,,,,,,,,,,,,,,
0.37195,0.37733,0.34066,0.31419,0.29264,0.2141,0.24911,0.26711,0.25715,0.25122,0.26639,0.26259,0.26275,0.25848,0.25529,0.25,0.23082,0.24437,0.23739,0.27891,0.26045,0.2604,0.2521,0.26074,0.25294,0.25303,0.25563,0.28746,0.28377,0.24039,0.23171,0.23224,0.2371,0.23736,0.23741,0.24155,0.2409,0.2415,0.24016,0.24205,0.24173,0.243,0.23849,0.2395,0.23884,0.23927,0.23972,0.23576,0.232,0.22776,0.22902,0.23217,0.23306,0.23293,0.23396,0.23745,0.23755,0.24455,0.24495,0.24501,0.24606,0.24576,0.24688,0.24781,0.24807,0.24805,0.24842,0.24129,0.23566,0.23652,0.22738,0.23483,0.23261,0.22679,0.22441,0.22411,0.22435,0.22343,0.22469,0.21486,0.21474,0.2176,0.21818,0.21462,0.21089,0.21085,0.2092,0.20304,0.20283,0.20294,0.20301,0.19991,0.19998,0.19931,0.19956,0.1996,0.20019,0.20011,0.2003,0.20022,0.19941,0.19971,0.19995,0.19903,0.19917,0.19923,0.19723,0.18844,0.18854,0.18765,0.18906,0.19007,0.18997,0.19013,0.19005,0.19019,0.19021,0.1898,0.1872,0.18343,0.18538,0.18493,0.18713,0.18733,0.18756,0.18786,0.18786,0.18762,0.18485,0.18485,0.18494,0.18616,0.18653,0.18689,0.18688,0.18703,0.18712,0.18756,0.18684,0.18591,0.18698,0.18658,0.18667,0.18659,0.18617,0.18622,0.18681,0.18666,0.18636,0.18718,0.18687,0.18435,0.1844,0.18439,0.18459,0.18425,0.18282,0.18392,0.18423,0.18418,0.18413,0.1842,0.18253,0.18272,0.18278,0.18124,0.18106,0.1792,0.17899,0.17894,0.17792,0.17525,0.17532,0.17663,0.17666,0.17711,0.17574,0.18727,0.18715,0.18738,0.1867,0.18572,0.18539,0.18546,0.18565,0.18573,0.1843,0.18435,0.18443,0.18488,0.18786,0.18698,0.18689,0.18729,0.18729,0.18724,0.18749,0.18745,0.18755,0.1876,0.1871,0.18729,0.18671,0.18649,0.18647,0.18649,0.18643,0.18623,0.18618,0.18596,0.186,0.18544,0.18585,0.18524,0.2027,0.20276,0.20284,0.20288,0.20288,0.2028,0.20287,0.20216,0.20196,0.20196,0.1988,0.19909,0.19829,0.19619,0.1959,0.20116,0.20377,0.20379,0.20314,0.20305,0.20306,0.20308,0.20316,0.20214,0.20074,0.19919,0.19922,0.19923,0.19922,0.19922,0.19866,0.19833,0.19823,0.19756,0.19759,0.19774,0.19747,0.19754,0.19756,0.1975,0.19751,0.19654,0.1963,0.19958,0.19954,0.19905,0.19792,0.19788,0.19805,0.19801,0.20186,0.20617,0.20605,0.20484,0.20499,0.20506,0.2051,0.20512,0.205,0.20539,0.20215,0.2026,0.20186,0.20152,0.20178,0.20132,0.20102,0.2013,0.20101,0.20188,0.20177,0.20169,0.20183,0.20182,0.20192,0.20182,0.17381,0.17402,0.17385,0.17387,0.17412,0.17437,0.17526,0.17521,0.17551,0.17524,0.17494,0.17488,0.17483,0.2011,0.20111,0.20124,0.20124,0.2012,0.17515,0.17512,0.17452,0.20079,0.19222,0.19218,0.1923,0.1923,0.17452,0.19173,0.19155,0.19159,0.174,0.1743,0.19216,0.19177,0.19173,0.17406,0.19156,0.1909,0.19092,0.19091,0.19082,0.19064,0.19058,0.19096,0.19089,0.19058,0.19008,0.19059,0.19053,0.19108,0.19098,0.19116,0.19134,0.19148,0.19151,0.19151,0.19105,0.192,0.19273,0.19273,0.19272,0.19184,0.19174,0.19128,0.19126,0.19137,0.19122,0.19108,0.19113,0.19131,0.19137,0.19111,0.19111,0.19121,0.19128,0.19127,0.19118,0.19093,0.19094,0.19111,0.19121,0.19109,0.1914,0.19174,0.19232,0.19243,0.19286,0.19301,0.19222,0.1974,0.19678,0.19704,0.197,0.19676,0.19739,0.19664,0.19693,0.17761,0.19774,0.17775,0.17809,0.17808
RMESP-UVE-Starch-Corn-300-0.9,,,,,,,,,,,,,,,,,,,,,,,,,,,,,,,,,,,,,,,,,,,,,,,,,,,,,,,,,,,,,,,,,,,,,,,,,,,,,,,,,,,,,,,,,,,,,,,,,,,,,,,,,,,,,,,,,,,,,,,,,,,,,,,,,,,,,,,,,,,,,,,,,,,,,,,,,,,,,,,,,,,,,,,,,,,,,,,,,,,,,,,,,,,,,,,,,,,,,,,,,,,,,,,,,,,,,,,,,,,,,,,,,,,,,,,,,,,,,,,,,,,,,,,,,,,,,,,,,,,,,,,,,,,,,,,,,,,,,,,,,,,,,,,,,,,,,,,,,,,,,,,,,,,,,,,,,,,,,,,,,,,,,,,,,,,,,,,,,,,,,,,,,,,,,,,,,,,,,,,,,,,,,,,,,,,,,,,,,,,,,,,,,,,,,,,
0.37195,0.37733,0.34066,0.31419,0.28755,0.25142,0.27611,0.26711,0.25794,0.25392,0.24869,0.25303,0.26129,0.23815,0.23624,0.22191,0.21988,0.21682,0.21562,0.22235,0.24956,0.24016,0.23324,0.24564,0.24057,0.24104,0.23696,0.23969,0.24512,0.24611,0.24921,0.25071,0.25098,0.25186,0.25185,0.25105,0.25124,0.25157,0.24677,0.24636,0.24778,0.24797,0.24838,0.2503,0.24106,0.23984,0.23535,0.2346,0.2365,0.23745,0.24036,0.24367,0.24074,0.24059,0.24128,0.23745,0.238,0.23831,0.23955,0.23925,0.23921,0.23938,0.23352,0.23434,0.22842,0.22674,0.22693,0.22698,0.21866,0.21955,0.20955,0.21051,0.20625,0.20736,0.21192,0.21049,0.20825,0.20463,0.20456,0.20493,0.20176,0.19807,0.20056,0.2011,0.20117,0.19581,0.19635,0.19572,0.19595,0.19589,0.19597,0.19935,0.19992,0.19987,0.19993,0.19998,0.20016,0.20023,0.20047,0.20051,0.20048,0.20048,0.2006,0.19833,0.1974,0.19729,0.19685,0.19233,0.18978,0.19002,0.1894,0.18953,0.18142,0.18151,0.18351,0.18474,0.18461,0.18471,0.18571,0.18821,0.18822,0.1876,0.18737,0.18757,0.18785,0.18786,0.18738,0.18762,0.18885,0.18896,0.18913,0.18924,0.18641,0.18686,0.18686,0.18639,0.18639,0.1863,0.18554,0.1859,0.18423,0.18395,0.184,0.18455,0.18422,0.18336,0.18103,0.18114,0.1812,0.18154,0.18125,0.18174,0.18274,0.18353,0.18352,0.18375,0.17984,0.18083,0.18075,0.17933,0.17926,0.17902,0.17874,0.17861,0.17761,0.17771,0.17632,0.17663,0.17495,0.17325,0.17323,0.17211,0.17177,0.17226,0.18359,0.18361,0.18443,0.18466,0.18461,0.18486,0.18306,0.1831,0.18289,0.18434,0.18351,0.18326,0.18302,0.18307,0.18244,0.18286,0.18311,0.18304,0.18317,0.18624,0.1864,0.18675,0.18674,0.18687,0.18688,0.18684,0.18681,0.187,0.20478,0.20449,0.2045,0.20448,0.20427,0.20435,0.20441,0.20383,0.20315,0.20249,0.20185,0.20183,0.20427,0.20435,0.20438,0.20448,0.20361,0.20341,0.20368,0.20382,0.20374,0.20384,0.20383,0.20575,0.20556,0.20552,0.20416,0.20416,0.20313,0.20275,0.20113,0.20113,0.20065,0.20009,0.20003,0.2001,0.19998,0.19999,0.19967,0.19968,0.1997,0.19909,0.19911,0.19772,0.197,0.197,0.197,0.20015,0.19976,0.19972,0.19951,0.19859,0.19863,0.21079,0.21084,0.21482,0.21485,0.21356,0.21356,0.2135,0.21296,0.21298,0.21231,0.21238,0.20007,0.20044,0.19995,0.19738,0.19767,0.19742,0.19748,0.19779,0.19737,0.20139,0.2015,0.20123,0.20125,0.20168,0.17504,0.1752,0.17611,0.17607,0.17542,0.17576,0.17587,0.20112,0.20106,0.20126,0.20035,0.20046,0.17585,0.17552,0.17536,0.17532,0.17529,0.17512,0.17531,0.17517,0.17528,0.17521,0.19979,0.19979,0.19988,0.19991,0.19984,0.17463,0.17465,0.1749,0.20055,0.20002,0.175,0.17452,0.17448,0.17447,0.17438,0.17438,0.17426,0.17459,0.17426,0.17376,0.19181,0.19141,0.19142,0.19131,0.19124,0.1916,0.19143,0.19128,0.1911,0.19105,0.19152,0.19146,0.19161,0.19128,0.19115,0.19168,0.19139,0.19133,0.19133,0.19042,0.19103,0.19078,0.19081,0.19075,0.19029,0.19042,0.19039,0.19125,0.19145,0.1912,0.19119,0.19106,0.19121,0.19127,0.19138,0.19133,0.19138,0.19148,0.19154,0.19153,0.19138,0.19099,0.19117,0.19092,0.19092,0.19102,0.1912,0.19109,0.1914,0.19174,0.19174,0.19174,0.19232,0.19247,0.19258,0.1918,0.19197,0.19197,0.19238,0.19757,0.197,0.19676,0.19739,0.19664,0.17757,0.17788,0.17791,0.17775,0.17809,0.17808
RMESP-UVE-Starch-Corn-400-0.5,,,,,,,,,,,,,,,,,,,,,,,,,,,,,,,,,,,,,,,,,,,,,,,,,,,,,,,,,,,,,,,,,,,,,,,,,,,,,,,,,,,,,,,,,,,,,,,,,,,,,,,,,,,,,,,,,,,,,,,,,,,,,,,,,,,,,,,,,,,,,,,,,,,,,,,,,,,,,,,,,,,,,,,,,,,,,,,,,,,,,,,,,,,,,,,,,,,,,,,,,,,,,,,,,,,,,,,,,,,,,,,,,,,,,,,,,,,,,,,,,,,,,,,,,,,,,,,,,,,,,,,,,,,,,,,,,,,,,,,,,,,,,,,,,,,,,,,,,,,,,,,,,,,,,,,,,,,,,,,,,,,,,,,,,,,,,,,,,,,,,,,,,,,,,,,,,,,,,,,,,,,,,,,,,,,,,,,,,,,,,,,,,,,,,,,
0.39743,0.38374,0.32508,0.31419,0.29264,0.23421,0.22695,0.24221,0.23087,0.23495,0.24368,0.18839,0.20854,0.21629,0.23039,0.22186,0.24716,0.24753,0.2235,0.2186,0.21834,0.2192,0.22013,0.20869,0.20351,0.20367,0.2096,0.20999,0.21185,0.21362,0.21524,0.2162,0.22839,0.23807,0.23105,0.22891,0.22936,0.23043,0.23208,0.23242,0.23253,0.23587,0.23066,0.23456,0.23583,0.24584,0.24525,0.2459,0.24639,0.24601,0.24531,0.24808,0.25013,0.24581,0.24623,0.24317,0.24306,0.24288,0.24338,0.24276,0.24021,0.23878,0.23957,0.23999,0.23672,0.23768,0.23779,0.23777,0.23374,0.23369,0.23178,0.23255,0.23311,0.23374,0.23008,0.23093,0.23118,0.22724,0.22997,0.22329,0.22484,0.22755,0.21913,0.21945,0.21995,0.21803,0.2169,0.21696,0.217,0.21727,0.21754,0.21993,0.2204,0.2204,0.22128,0.22774,0.22766,0.2251,0.22406,0.22411,0.22123,0.22124,0.21768,0.21777,0.21709,0.2174,0.20967,0.21161,0.2117,0.21187,0.2085,0.20555,0.20541,0.20539,0.20541,0.20278,0.2031,0.20304,0.203,0.20304,0.20304,0.20358,0.20041,0.19929,0.19876,0.19897,0.19933,0.19924,0.19851,0.19966,0.19977,0.20037,0.20017,0.19994,0.19982,0.19723,0.1972,0.19734,0.19816,0.19858,0.19862,0.19811,0.19761,0.19771,0.19921,0.19968,0.1997,0.19951,0.19973,0.19874,0.19778,0.19795,0.19945,0.19941,0.19937,0.1997,0.19926,0.19933,0.19931,0.19927,0.19676,0.1969,0.19683,0.19467,0.19509,0.19624,0.19683,0.19595,0.19638,0.19679,0.19692,0.19588,0.19637,0.1943,0.19516,0.19222,0.20578,0.20686,0.20694,0.20002,0.19818,0.1982,0.19985,0.19963,0.19987,0.19971,0.19912,0.21108,0.21138,0.21073,0.21036,0.2099,0.2027,0.20231,0.20251,0.20237,0.20236,0.20213,0.20102,0.20058,0.20077,0.20008,0.20013,0.20004,0.19942,0.19791,0.19729,0.19727,0.19735,0.19548,0.19577,0.19598,0.1939,0.19255,0.19189,0.19189,0.19141,0.19853,0.19752,0.1974,0.19725,0.19608,0.19599,0.19606,0.19599,0.1914,0.19094,0.19113,0.19146,0.19138,0.18909,0.18914,0.18914,0.18758,0.18749,0.18691,0.18695,0.18684,0.18679,0.18592,0.18517,0.18513,0.18528,0.18506,0.18508,0.18488,0.18496,0.18497,0.18442,0.18438,0.18436,0.18429,0.18365,0.1836,0.18234,0.18233,0.18233,0.18206,0.18155,0.1817,0.18134,0.18128,0.18743,0.18743,0.1875,0.18726,0.1876,0.20007,0.20051,0.20055,0.19996,0.19982,0.20542,0.20537,0.20603,0.20548,0.20523,0.20502,0.20491,0.20709,0.20753,0.20747,0.2033,0.20336,0.20388,0.20392,0.20374,0.20352,0.20361,0.20377,0.20389,0.20343,0.20398,0.20436,0.20385,0.20357,0.20371,0.20335,0.20284,0.20266,0.20271,0.20231,0.20243,0.20168,0.20108,0.20007,0.20045,0.19972,0.1998,0.19971,0.19867,0.19852,0.20123,0.20157,0.20154,0.2013,0.20165,0.20137,0.20087,0.20131,0.20172,0.20047,0.19078,0.19109,0.1911,0.19087,0.19066,0.19018,0.19013,0.19,0.18995,0.18986,0.18996,0.18921,0.18984,0.18983,0.1898,0.18978,0.18979,0.18991,0.19025,0.19053,0.19036,0.1903,0.19071,0.19106,0.19187,0.1925,0.19266,0.19255,0.19254,0.19295,0.19335,0.1937,0.19388,0.19346,0.19314,0.19418,0.19323,0.19316,0.19324,0.19892,0.19909,0.19941,0.19937,0.19962,0.19989,0.20013,0.19799,0.19868,0.19891,0.19889,0.19857,0.19843,0.19826,0.19777,0.19695,0.1963,0.19591,0.19627,0.19602,0.19607,0.19536,0.1958,0.19602,0.17719,0.17757,0.17794,0.17823,0.17809,0.17809,0.17808
RMESP-UVE-Starch-Corn-400-0.6,,,,,,,,,,,,,,,,,,,,,,,,,,,,,,,,,,,,,,,,,,,,,,,,,,,,,,,,,,,,,,,,,,,,,,,,,,,,,,,,,,,,,,,,,,,,,,,,,,,,,,,,,,,,,,,,,,,,,,,,,,,,,,,,,,,,,,,,,,,,,,,,,,,,,,,,,,,,,,,,,,,,,,,,,,,,,,,,,,,,,,,,,,,,,,,,,,,,,,,,,,,,,,,,,,,,,,,,,,,,,,,,,,,,,,,,,,,,,,,,,,,,,,,,,,,,,,,,,,,,,,,,,,,,,,,,,,,,,,,,,,,,,,,,,,,,,,,,,,,,,,,,,,,,,,,,,,,,,,,,,,,,,,,,,,,,,,,,,,,,,,,,,,,,,,,,,,,,,,,,,,,,,,,,,,,,,,,,,,,,,,,,,,,,,,,
0.38106,0.38374,0.32508,0.31419,0.29264,0.2141,0.20826,0.23803,0.25659,0.24963,0.24165,0.23292,0.23427,0.25658,0.25368,0.2502,0.25028,0.25032,0.25425,0.23536,0.23279,0.24576,0.23494,0.23715,0.23006,0.22943,0.23591,0.23565,0.2358,0.24003,0.24095,0.2459,0.23842,0.23857,0.23273,0.23125,0.22981,0.22505,0.22558,0.22729,0.22855,0.22749,0.2229,0.2231,0.22461,0.22763,0.22929,0.22912,0.22947,0.23668,0.23715,0.23899,0.23994,0.23601,0.23598,0.23561,0.23622,0.2408,0.242,0.24184,0.2377,0.23691,0.23783,0.2365,0.23651,0.2363,0.2367,0.23356,0.23457,0.23252,0.2317,0.23919,0.24,0.24264,0.23319,0.23316,0.23395,0.23414,0.23388,0.23113,0.23169,0.22039,0.2209,0.22097,0.21651,0.21336,0.20957,0.20973,0.21039,0.21063,0.20193,0.20453,0.20298,0.20293,0.20299,0.20289,0.20255,0.20274,0.20314,0.20016,0.20111,0.1993,0.19972,0.19976,0.19626,0.19617,0.19728,0.19411,0.1944,0.19371,0.19716,0.19639,0.19521,0.19506,0.19533,0.19529,0.19621,0.19126,0.1914,0.19164,0.19303,0.19311,0.19332,0.1927,0.19194,0.19206,0.19319,0.19344,0.19327,0.1934,0.19361,0.1936,0.19364,0.19419,0.19427,0.19433,0.19337,0.19397,0.19416,0.19391,0.19537,0.1954,0.19553,0.19527,0.19551,0.1952,0.19526,0.19592,0.19377,0.19371,0.19342,0.19243,0.19251,0.19249,0.18988,0.18811,0.18846,0.18685,0.18681,0.18682,0.18701,0.18731,0.18749,0.18754,0.18549,0.18538,0.18564,0.18557,0.18577,0.1859,0.18524,0.18621,0.18643,0.18658,0.18512,0.18441,0.19731,0.19747,0.19744,0.19796,0.19775,0.19955,0.19973,0.19981,0.19977,0.1994,0.19975,0.1999,0.20081,0.19776,0.19788,0.19553,0.19549,0.19469,0.19323,0.19295,0.19249,0.19247,0.19232,0.19118,0.19161,0.1915,0.19052,0.18939,0.18867,0.18915,0.18651,0.1857,0.18587,0.18562,0.18578,0.18605,0.18667,0.1868,0.18615,0.18622,0.18629,0.19298,0.1929,0.19269,0.19173,0.19095,0.18992,0.18993,0.18948,0.18936,0.18937,0.18971,0.18943,0.1895,0.18977,0.18805,0.18806,0.18799,0.188,0.18791,0.18381,0.18371,0.18366,0.18368,0.18301,0.18166,0.1817,0.1817,0.18121,0.18115,0.18117,0.18134,0.18111,0.1809,0.18088,0.18076,0.18072,0.18071,0.18075,0.18046,0.18076,0.18069,0.18,0.18346,0.18286,0.18289,0.18268,0.18267,0.18264,0.18264,0.18263,0.18244,0.20143,0.20156,0.20151,0.20062,0.20069,0.20801,0.20765,0.20747,0.20682,0.20628,0.20625,0.20674,0.20665,0.20715,0.2092,0.20797,0.20645,0.2063,0.20599,0.20574,0.20611,0.20629,0.20645,0.20661,0.20639,0.20715,0.20704,0.20703,0.2058,0.20602,0.20578,0.20221,0.20132,0.20116,0.20126,0.20167,0.19425,0.19179,0.19174,0.19164,0.19222,0.19221,0.19173,0.19173,0.19148,0.19182,0.19223,0.19213,0.19196,0.19203,0.19212,0.19214,0.19229,0.19208,0.19248,0.19204,0.19208,0.19191,0.19205,0.19148,0.19151,0.19143,0.19105,0.19121,0.19151,0.19132,0.19121,0.19078,0.19061,0.1905,0.1911,0.19111,0.1911,0.19062,0.19126,0.19145,0.19186,0.19199,0.19202,0.19224,0.19212,0.19213,0.19202,0.19278,0.19198,0.19197,0.19223,0.19238,0.19237,0.1923,0.19323,0.19187,0.19159,0.19159,0.19191,0.19191,0.19204,0.19195,0.19207,0.19188,0.19208,0.19272,0.19803,0.19804,0.19822,0.19777,0.19796,0.19758,0.19738,0.19772,0.19702,0.19627,0.19627,0.19676,0.19653,0.19676,0.19602,0.19664,0.19693,0.17788,0.17791,0.17775,0.17809,0.17808
RMESP-UVE-Starch-Corn-400-0.7,,,,,,,,,,,,,,,,,,,,,,,,,,,,,,,,,,,,,,,,,,,,,,,,,,,,,,,,,,,,,,,,,,,,,,,,,,,,,,,,,,,,,,,,,,,,,,,,,,,,,,,,,,,,,,,,,,,,,,,,,,,,,,,,,,,,,,,,,,,,,,,,,,,,,,,,,,,,,,,,,,,,,,,,,,,,,,,,,,,,,,,,,,,,,,,,,,,,,,,,,,,,,,,,,,,,,,,,,,,,,,,,,,,,,,,,,,,,,,,,,,,,,,,,,,,,,,,,,,,,,,,,,,,,,,,,,,,,,,,,,,,,,,,,,,,,,,,,,,,,,,,,,,,,,,,,,,,,,,,,,,,,,,,,,,,,,,,,,,,,,,,,,,,,,,,,,,,,,,,,,,,,,,,,,,,,,,,,,,,,,,,,,,,,,,,
0.31649,0.31745,0.34134,0.31419,0.29264,0.2141,0.24911,0.26711,0.25967,0.25121,0.24417,0.26579,0.25722,0.25725,0.25049,0.25664,0.25429,0.25195,0.25168,0.2618,0.27552,0.26649,0.25396,0.24307,0.24411,0.24336,0.24519,0.24938,0.25443,0.25551,0.24911,0.24001,0.24063,0.24161,0.23602,0.23645,0.23816,0.23952,0.23374,0.23445,0.23414,0.23308,0.23346,0.23406,0.23539,0.23997,0.23533,0.23557,0.23175,0.23177,0.23358,0.23354,0.23343,0.22777,0.22908,0.2295,0.23234,0.23221,0.23328,0.23631,0.23634,0.24275,0.24417,0.2445,0.24191,0.24253,0.24364,0.24037,0.23965,0.23885,0.23679,0.24422,0.24402,0.23118,0.22287,0.22297,0.22296,0.22183,0.22174,0.22467,0.22517,0.22539,0.22624,0.22257,0.22237,0.21792,0.2183,0.21836,0.21668,0.21305,0.21321,0.21365,0.21057,0.20157,0.20207,0.20219,0.20255,0.20123,0.20131,0.19488,0.19413,0.19113,0.19119,0.19102,0.18966,0.18958,0.1897,0.18962,0.18983,0.18989,0.1909,0.18978,0.18737,0.1874,0.18698,0.18691,0.18835,0.18858,0.1888,0.18892,0.19037,0.1916,0.1916,0.19182,0.1919,0.19389,0.19412,0.19648,0.19658,0.19373,0.19313,0.19226,0.19268,0.19285,0.18924,0.18933,0.18934,0.18996,0.18903,0.18908,0.18897,0.18886,0.18853,0.18829,0.18832,0.1884,0.18817,0.18823,0.18849,0.18621,0.18706,0.1874,0.18719,0.18783,0.1879,0.18822,0.1882,0.18651,0.18652,0.18649,0.18666,0.18681,0.18616,0.18461,0.18564,0.184,0.18429,0.18432,0.18446,0.18426,0.18426,0.18435,0.18373,0.18302,0.18294,0.18279,0.19476,0.19492,0.19277,0.19286,0.19289,0.19295,0.19292,0.193,0.19506,0.1927,0.19278,0.19275,0.19302,0.1918,0.19148,0.19151,0.19224,0.19228,0.19087,0.19104,0.19155,0.19048,0.18914,0.18925,0.18822,0.18825,0.18822,0.18824,0.18766,0.18677,0.18703,0.18642,0.18659,0.18712,0.18707,0.18757,0.18694,0.18448,0.18462,0.18441,0.18366,0.18996,0.19001,0.18982,0.18996,0.18984,0.18975,0.1898,0.19013,0.18967,0.18959,0.1896,0.18781,0.18775,0.18703,0.18549,0.18556,0.18563,0.18533,0.18535,0.18538,0.1854,0.18471,0.18496,0.18496,0.18847,0.18823,0.1882,0.18816,0.18742,0.18748,0.18726,0.20152,0.20156,0.20159,0.20162,0.20105,0.19808,0.19852,0.1985,0.19848,0.19775,0.2029,0.20277,0.20496,0.205,0.20349,0.20346,0.20346,0.20506,0.20545,0.20558,0.20614,0.20599,0.20603,0.20618,0.20585,0.20577,0.20551,0.20517,0.20557,0.20536,0.20492,0.20222,0.1992,0.19937,0.19881,0.19831,0.19847,0.19887,0.19907,0.19903,0.19889,0.19911,0.19919,0.19906,0.19998,0.1964,0.19628,0.19646,0.19638,0.19628,0.19487,0.19481,0.19491,0.19479,0.20371,0.20394,0.20371,0.19444,0.1944,0.19418,0.19191,0.19236,0.19215,0.19214,0.19203,0.19198,0.19256,0.19236,0.20242,0.20242,0.19233,0.19241,0.19193,0.19174,0.19188,0.192,0.19206,0.19165,0.1919,0.19174,0.19167,0.1916,0.19124,0.19113,0.19061,0.19062,0.19046,0.19047,0.19051,0.19035,0.19095,0.19111,0.1905,0.19087,0.19085,0.19088,0.19145,0.19216,0.1917,0.19161,0.19175,0.19189,0.19176,0.19193,0.19215,0.19215,0.19208,0.19209,0.19231,0.19205,0.19293,0.1931,0.1931,0.19281,0.1928,0.19173,0.19155,0.19117,0.19108,0.19127,0.19102,0.19113,0.19121,0.19137,0.19169,0.19201,0.19189,0.19247,0.19754,0.19772,0.19702,0.19695,0.19746,0.19676,0.197,0.19676,0.19602,0.19664,0.17757,0.19747,0.17774,0.17775,0.17782,0.17808
RMESP-UVE-Starch-Corn-400-0.8,,,,,,,,,,,,,,,,,,,,,,,,,,,,,,,,,,,,,,,,,,,,,,,,,,,,,,,,,,,,,,,,,,,,,,,,,,,,,,,,,,,,,,,,,,,,,,,,,,,,,,,,,,,,,,,,,,,,,,,,,,,,,,,,,,,,,,,,,,,,,,,,,,,,,,,,,,,,,,,,,,,,,,,,,,,,,,,,,,,,,,,,,,,,,,,,,,,,,,,,,,,,,,,,,,,,,,,,,,,,,,,,,,,,,,,,,,,,,,,,,,,,,,,,,,,,,,,,,,,,,,,,,,,,,,,,,,,,,,,,,,,,,,,,,,,,,,,,,,,,,,,,,,,,,,,,,,,,,,,,,,,,,,,,,,,,,,,,,,,,,,,,,,,,,,,,,,,,,,,,,,,,,,,,,,,,,,,,,,,,,,,,,,,,,,,
0.38106,0.37733,0.34134,0.31419,0.29264,0.27584,0.24345,0.24114,0.25794,0.25392,0.24869,0.25303,0.26138,0.25354,0.25923,0.25874,0.29326,0.26329,0.26085,0.27272,0.27073,0.27463,0.25792,0.24824,0.24714,0.24907,0.25075,0.25124,0.25415,0.24658,0.24702,0.25206,0.24973,0.2499,0.25007,0.24939,0.24938,0.25049,0.25325,0.25388,0.2553,0.25466,0.2583,0.24845,0.24331,0.24323,0.24358,0.23971,0.23559,0.23443,0.23543,0.23546,0.23534,0.23646,0.23704,0.23748,0.23769,0.23478,0.23593,0.23947,0.24098,0.24204,0.24218,0.24894,0.24895,0.24961,0.23451,0.23503,0.23259,0.23253,0.227,0.21886,0.21947,0.21913,0.2155,0.21326,0.20898,0.20536,0.20545,0.20471,0.21042,0.21036,0.2133,0.21339,0.21007,0.21044,0.2033,0.19985,0.20032,0.20032,0.20033,0.20097,0.20043,0.20059,0.20062,0.20002,0.20053,0.20028,0.20024,0.20032,0.19924,0.19915,0.19907,0.19933,0.19869,0.19897,0.19911,0.19929,0.19942,0.19963,0.19101,0.18996,0.19147,0.18925,0.19027,0.19019,0.19021,0.18621,0.18584,0.18604,0.18803,0.18757,0.18512,0.18532,0.18553,0.18682,0.18682,0.18904,0.18879,0.18881,0.18903,0.18806,0.18816,0.18714,0.18466,0.18422,0.18431,0.18466,0.18527,0.18566,0.18571,0.18559,0.18603,0.18609,0.18711,0.18717,0.18728,0.1869,0.18662,0.18667,0.18666,0.18689,0.18772,0.18887,0.18859,0.18814,0.18823,0.18561,0.1855,0.18383,0.18414,0.18461,0.18082,0.17945,0.17792,0.17784,0.17781,0.17606,0.1764,0.17641,0.18884,0.18706,0.18682,0.18583,0.18577,0.18498,0.18542,0.18545,0.18576,0.18682,0.18586,0.18612,0.18593,0.18434,0.18429,0.18424,0.18419,0.18393,0.18398,0.184,0.18411,0.18418,0.18428,0.18473,0.18774,0.18684,0.18682,0.18692,0.18688,0.18731,0.18732,0.18677,0.18672,0.18676,0.18613,0.18597,0.18623,0.18639,0.18617,0.18554,0.18555,0.18554,0.18535,0.18588,0.18574,0.18569,0.18498,0.20222,0.20159,0.20188,0.20196,0.20215,0.20223,0.20227,0.1991,0.1983,0.19829,0.20351,0.20151,0.20141,0.20143,0.20144,0.20146,0.20151,0.20415,0.20418,0.2038,0.20381,0.20377,0.20233,0.20155,0.20164,0.20108,0.20049,0.20043,0.19978,0.19953,0.19806,0.19808,0.19796,0.19797,0.19712,0.20042,0.20009,0.20006,0.2001,0.20005,0.19983,0.19968,0.19674,0.20138,0.20139,0.20579,0.20558,0.2059,0.20596,0.20598,0.206,0.20551,0.20569,0.20228,0.20239,0.20231,0.2026,0.20229,0.20182,0.20149,0.17599,0.17613,0.1762,0.17622,0.1755,0.1752,0.17525,0.17539,0.17493,0.2015,0.17426,0.17447,0.20171,0.20165,0.17508,0.17493,0.17495,0.17481,0.17481,0.19664,0.1748,0.17485,0.17487,0.17574,0.17557,0.1755,0.17594,0.20021,0.20035,0.20034,0.20027,0.20031,0.17512,0.17452,0.17466,0.19188,0.19188,0.19184,0.19213,0.19238,0.1925,0.17477,0.19251,0.17496,0.19221,0.17487,0.17453,0.17418,0.17419,0.1745,0.17439,0.17437,0.1744,0.17432,0.1745,0.17337,0.19114,0.19107,0.19057,0.19113,0.1913,0.19115,0.19111,0.19084,0.1904,0.19032,0.19086,0.19103,0.19014,0.1903,0.1909,0.19089,0.19083,0.19173,0.19184,0.19139,0.19128,0.19134,0.19141,0.19126,0.19123,0.19136,0.19137,0.19147,0.19127,0.19117,0.19116,0.19093,0.19094,0.19067,0.19073,0.19091,0.19104,0.19138,0.19169,0.19228,0.19243,0.19232,0.19247,0.19258,0.19301,0.19236,0.19755,0.19782,0.19704,0.197,0.19676,0.19739,0.19664,0.17757,0.19747,0.19774,0.17775,0.17782,0.17808
RMESP-UVE-Starch-Corn-400-0.9,,,,,,,,,,,,,,,,,,,,,,,,,,,,,,,,,,,,,,,,,,,,,,,,,,,,,,,,,,,,,,,,,,,,,,,,,,,,,,,,,,,,,,,,,,,,,,,,,,,,,,,,,,,,,,,,,,,,,,,,,,,,,,,,,,,,,,,,,,,,,,,,,,,,,,,,,,,,,,,,,,,,,,,,,,,,,,,,,,,,,,,,,,,,,,,,,,,,,,,,,,,,,,,,,,,,,,,,,,,,,,,,,,,,,,,,,,,,,,,,,,,,,,,,,,,,,,,,,,,,,,,,,,,,,,,,,,,,,,,,,,,,,,,,,,,,,,,,,,,,,,,,,,,,,,,,,,,,,,,,,,,,,,,,,,,,,,,,,,,,,,,,,,,,,,,,,,,,,,,,,,,,,,,,,,,,,,,,,,,,,,,,,,,,,,,
0.37195,0.37733,0.34066,0.31419,0.29264,0.27584,0.24345,0.26711,0.25794,0.25392,0.25655,0.25303,0.24528,0.25479,0.2528,0.25836,0.28062,0.278,0.28866,0.30267,0.2919,0.27079,0.25435,0.25817,0.23533,0.23651,0.2441,0.24116,0.24252,0.24239,0.24377,0.24961,0.25197,0.25244,0.25247,0.25222,0.25392,0.25738,0.25825,0.25767,0.25751,0.25336,0.25378,0.25345,0.25152,0.2424,0.24263,0.24381,0.24674,0.24292,0.24329,0.24013,0.24076,0.24068,0.2374,0.23721,0.23754,0.23756,0.23842,0.23928,0.23969,0.23997,0.24083,0.24109,0.24129,0.24843,0.23375,0.22895,0.2289,0.22348,0.22461,0.22547,0.21783,0.21613,0.21225,0.20965,0.20578,0.20147,0.20158,0.19545,0.19501,0.19755,0.19819,0.19859,0.19913,0.20427,0.20068,0.2004,0.20004,0.19935,0.19928,0.19985,0.19992,0.19999,0.20019,0.20024,0.20031,0.20057,0.20051,0.20057,0.20069,0.20059,0.19983,0.19988,0.19895,0.19883,0.199,0.19929,0.19433,0.19447,0.19366,0.19111,0.19124,0.18327,0.18466,0.18289,0.18483,0.18583,0.186,0.18589,0.18541,0.1854,0.18543,0.18567,0.18817,0.18794,0.18744,0.18762,0.1879,0.18801,0.1882,0.18943,0.18943,0.18669,0.18678,0.18724,0.18624,0.18581,0.18582,0.18546,0.18583,0.18589,0.18558,0.18298,0.18148,0.18153,0.18206,0.18217,0.18149,0.18221,0.18321,0.184,0.1835,0.18353,0.1823,0.18332,0.18352,0.18344,0.18344,0.18099,0.17754,0.17739,0.17716,0.17708,0.177,0.17579,0.17604,0.17434,0.17431,0.17317,0.17349,0.17246,0.17259,0.18431,0.18359,0.18353,0.18356,0.18155,0.18172,0.18281,0.18283,0.18263,0.18266,0.18292,0.18212,0.1822,0.18137,0.18183,0.18162,0.18189,0.18182,0.18195,0.1835,0.18393,0.1839,0.18367,0.18675,0.20452,0.20451,0.20454,0.20452,0.20462,0.20477,0.20476,0.20455,0.20463,0.20434,0.20442,0.20374,0.20318,0.2025,0.20248,0.20247,0.20183,0.20187,0.20215,0.20455,0.20367,0.20367,0.20346,0.20345,0.20358,0.20368,0.20377,0.20368,0.2007,0.20084,0.20084,0.20048,0.19879,0.19691,0.20209,0.2021,0.20211,0.20068,0.20077,0.20018,0.19929,0.19896,0.19887,0.19887,0.19881,0.19828,0.19771,0.19774,0.19702,0.19703,0.19703,0.19692,0.1967,0.19674,0.19677,0.19648,0.19561,0.20778,0.21079,0.21084,0.21082,0.20932,0.2093,0.20933,0.20927,0.20915,0.21318,0.20217,0.2023,0.2017,0.20078,0.20055,0.19653,0.19679,0.1971,0.19669,0.19693,0.20142,0.20096,0.20112,0.20156,0.20127,0.20127,0.20061,0.17445,0.20121,0.2011,0.2009,0.20106,0.20129,0.17389,0.17409,0.20179,0.20172,0.17466,0.17451,0.1754,0.17528,0.17524,0.17501,0.1752,0.17524,0.17523,0.17509,0.17511,0.20025,0.20029,0.20022,0.20016,0.20015,0.17451,0.17448,0.17461,0.17486,0.20037,0.2005,0.17436,0.20114,0.17447,0.17447,0.1739,0.17387,0.17379,0.17407,0.17327,0.17355,0.19196,0.1918,0.19172,0.19173,0.19157,0.1913,0.1913,0.19182,0.19146,0.19136,0.19122,0.19176,0.19162,0.19179,0.19181,0.19152,0.19146,0.19214,0.19209,0.19201,0.19101,0.19091,0.1909,0.19089,0.19088,0.19099,0.19053,0.1914,0.19159,0.19143,0.19157,0.19137,0.19144,0.19142,0.19099,0.19105,0.19119,0.19094,0.19083,0.19101,0.19076,0.19075,0.19111,0.19111,0.19121,0.19128,0.19137,0.19154,0.19154,0.1914,0.19174,0.19232,0.19276,0.19286,0.19301,0.1932,0.19256,0.19252,0.19186,0.19248,0.19766,0.19739,0.19769,0.19693,0.17761,0.19774,0.17775,0.17782,0.17808
RMESP-UVE-Starch-Corn-500-0.5,,,,,,,,,,,,,,,,,,,,,,,,,,,,,,,,,,,,,,,,,,,,,,,,,,,,,,,,,,,,,,,,,,,,,,,,,,,,,,,,,,,,,,,,,,,,,,,,,,,,,,,,,,,,,,,,,,,,,,,,,,,,,,,,,,,,,,,,,,,,,,,,,,,,,,,,,,,,,,,,,,,,,,,,,,,,,,,,,,,,,,,,,,,,,,,,,,,,,,,,,,,,,,,,,,,,,,,,,,,,,,,,,,,,,,,,,,,,,,,,,,,,,,,,,,,,,,,,,,,,,,,,,,,,,,,,,,,,,,,,,,,,,,,,,,,,,,,,,,,,,,,,,,,,,,,,,,,,,,,,,,,,,,,,,,,,,,,,,,,,,,,,,,,,,,,,,,,,,,,,,,,,,,,,,,,,,,,,,,,,,,,,,,,,,,,
0.39743,0.38374,0.32508,0.28463,0.29264,0.27637,0.20877,0.25631,0.23087,0.22319,0.21998,0.23738,0.23954,0.23074,0.21687,0.22186,0.24716,0.21694,0.21735,0.24497,0.24565,0.23544,0.24796,0.24792,0.25833,0.24159,0.24326,0.24701,0.24693,0.24729,0.23718,0.22847,0.23083,0.2313,0.23443,0.23748,0.23508,0.23689,0.2375,0.23142,0.23161,0.23587,0.23981,0.23902,0.23965,0.23406,0.24454,0.24216,0.24153,0.242,0.24474,0.24511,0.24721,0.24729,0.24822,0.24702,0.24279,0.24253,0.24289,0.24203,0.24275,0.23774,0.23711,0.23358,0.23459,0.23073,0.23236,0.23233,0.23005,0.23057,0.23064,0.22956,0.22954,0.2301,0.2307,0.23131,0.23148,0.23235,0.22685,0.22865,0.22484,0.22294,0.22554,0.22586,0.21757,0.21783,0.21825,0.21853,0.219,0.22143,0.22058,0.22065,0.21966,0.22543,0.2255,0.22549,0.22306,0.22411,0.22124,0.22036,0.22073,0.21732,0.2174,0.21746,0.21738,0.21739,0.2135,0.21354,0.21364,0.21017,0.21217,0.20907,0.20278,0.20275,0.20269,0.20272,0.20293,0.2029,0.2035,0.20383,0.20395,0.204,0.20453,0.20425,0.20554,0.20218,0.20306,0.20221,0.2021,0.20213,0.20249,0.2014,0.19865,0.1988,0.20011,0.19992,0.19991,0.19955,0.19969,0.19918,0.19907,0.19947,0.19953,0.19958,0.19998,0.20005,0.20039,0.2,0.20022,0.20017,0.20027,0.20045,0.19767,0.19678,0.19838,0.19836,0.19736,0.1972,0.19716,0.19491,0.19484,0.19389,0.19404,0.19445,0.19442,0.19506,0.19477,0.19374,0.19088,0.19126,0.19167,0.20569,0.20562,0.20381,0.20461,0.20471,0.20121,0.20151,0.20145,0.20205,0.20179,0.20274,0.20299,0.20323,0.20284,0.20403,0.20499,0.20285,0.20275,0.20179,0.20191,0.20178,0.20175,0.20224,0.21085,0.2108,0.21094,0.21086,0.20135,0.20055,0.20041,0.2003,0.19999,0.2003,0.1987,0.19868,0.1981,0.1965,0.19626,0.19511,0.19528,0.19479,0.19482,0.19384,0.19214,0.19215,0.18807,0.18804,0.18809,0.18799,0.18707,0.18539,0.18569,0.18552,0.18521,0.18484,0.18496,0.1849,0.18485,0.18489,0.19098,0.19088,0.1907,0.19074,0.18973,0.18863,0.18886,0.18899,0.18798,0.18799,0.18586,0.18556,0.1855,0.18471,0.18465,0.18463,0.18447,0.18449,0.18324,0.18315,0.18263,0.18262,0.18259,0.18211,0.18204,0.18203,0.18191,0.18221,0.18233,0.18217,0.18219,0.18165,0.18176,0.18176,0.18103,0.18081,0.18096,0.18094,0.19568,0.19559,0.19536,0.19649,0.19644,0.19626,0.19566,0.19514,0.19511,0.19554,0.19543,0.19551,0.19214,0.19226,0.19145,0.19144,0.19128,0.1914,0.19149,0.20322,0.20331,0.20337,0.20379,0.20353,0.20308,0.20349,0.20333,0.20345,0.20329,0.20282,0.20223,0.20273,0.20228,0.20188,0.20167,0.20092,0.20048,0.20029,0.20262,0.20234,0.20246,0.20217,0.20254,0.20322,0.20299,0.2026,0.20152,0.20094,0.20056,0.20029,0.20024,0.19899,0.19807,0.19844,0.19859,0.19906,0.19945,0.19841,0.19836,0.19677,0.19657,0.19644,0.19698,0.19741,0.19026,0.19082,0.19077,0.19043,0.19043,0.19007,0.19003,0.1901,0.19004,0.19046,0.19047,0.19037,0.19067,0.19083,0.19076,0.19141,0.19222,0.19262,0.19295,0.19295,0.19283,0.19318,0.19228,0.19188,0.1921,0.19766,0.1978,0.19747,0.19788,0.19892,0.19887,0.19904,0.19715,0.19738,0.19761,0.19779,0.19849,0.19868,0.1984,0.19836,0.19857,0.19843,0.19796,0.19777,0.19695,0.19655,0.19591,0.19627,0.19602,0.19607,0.19653,0.1958,0.19602,0.19664,0.17757,0.19747,0.17774,0.17809,0.17809,0.17808
RMESP-UVE-Starch-Corn-500-0.6,,,,,,,,,,,,,,,,,,,,,,,,,,,,,,,,,,,,,,,,,,,,,,,,,,,,,,,,,,,,,,,,,,,,,,,,,,,,,,,,,,,,,,,,,,,,,,,,,,,,,,,,,,,,,,,,,,,,,,,,,,,,,,,,,,,,,,,,,,,,,,,,,,,,,,,,,,,,,,,,,,,,,,,,,,,,,,,,,,,,,,,,,,,,,,,,,,,,,,,,,,,,,,,,,,,,,,,,,,,,,,,,,,,,,,,,,,,,,,,,,,,,,,,,,,,,,,,,,,,,,,,,,,,,,,,,,,,,,,,,,,,,,,,,,,,,,,,,,,,,,,,,,,,,,,,,,,,,,,,,,,,,,,,,,,,,,,,,,,,,,,,,,,,,,,,,,,,,,,,,,,,,,,,,,,,,,,,,,,,,,,,,,,,,,,,
0.39743,0.38374,0.34066,0.31419,0.29264,0.2141,0.23091,0.2253,0.2301,0.22194,0.21745,0.214,0.2385,0.23698,0.23239,0.23555,0.23732,0.23265,0.24549,0.24852,0.24701,0.23628,0.23682,0.22387,0.22403,0.22134,0.21898,0.21688,0.21756,0.22037,0.22168,0.21518,0.21052,0.20623,0.20697,0.20709,0.20732,0.2071,0.20753,0.20972,0.20516,0.2051,0.20626,0.21467,0.21894,0.21742,0.2216,0.21675,0.21604,0.21782,0.22594,0.22544,0.22525,0.2268,0.22809,0.22884,0.22924,0.22848,0.22848,0.23009,0.23336,0.23388,0.23805,0.2387,0.24114,0.23931,0.23965,0.2399,0.23787,0.23494,0.23479,0.23585,0.23596,0.23698,0.23608,0.23296,0.2327,0.22435,0.21522,0.22223,0.22205,0.22268,0.22323,0.22125,0.22026,0.21968,0.21572,0.21864,0.21441,0.21455,0.21455,0.21027,0.21048,0.21041,0.20666,0.19926,0.20042,0.20077,0.20091,0.20158,0.20164,0.20651,0.20661,0.20661,0.20517,0.20596,0.20643,0.20465,0.20496,0.20687,0.20662,0.20689,0.20531,0.20427,0.20331,0.19997,0.19869,0.1986,0.1976,0.19523,0.19594,0.19605,0.1925,0.1925,0.19362,0.19353,0.19298,0.19358,0.19365,0.19375,0.19396,0.19395,0.19408,0.19415,0.1942,0.19477,0.19476,0.19435,0.1941,0.19435,0.1941,0.19427,0.19452,0.19227,0.19289,0.19436,0.19442,0.19362,0.19359,0.19352,0.19368,0.19375,0.19346,0.19249,0.19276,0.19079,0.19117,0.19119,0.18937,0.18937,0.18713,0.1874,0.18769,0.18759,0.18776,0.18775,0.18874,0.18896,0.18691,0.20049,0.20044,0.20059,0.20077,0.19878,0.19889,0.19818,0.19815,0.19697,0.19669,0.19665,0.19587,0.19635,0.19646,0.19672,0.19674,0.19662,0.19657,0.19665,0.19648,0.19575,0.19625,0.19674,0.19642,0.19623,0.19283,0.19021,0.19269,0.19219,0.19024,0.19075,0.19075,0.18963,0.18855,0.18914,0.18803,0.18715,0.18677,0.18702,0.18619,0.18635,0.18539,0.18545,0.18557,0.18476,0.18458,0.18452,0.18437,0.18443,0.18433,0.18432,0.18381,0.18387,0.18327,0.18335,0.18277,0.18304,0.18933,0.18959,0.18775,0.18791,0.18798,0.18835,0.18821,0.18823,0.18816,0.18818,0.1866,0.18272,0.18275,0.18269,0.18206,0.18196,0.18176,0.18153,0.18152,0.18132,0.18087,0.18077,0.18009,0.18011,0.18011,0.18001,0.18,0.18002,0.18009,0.18002,0.17982,0.17979,0.17955,0.17899,0.19766,0.21015,0.21018,0.21353,0.21393,0.21395,0.20734,0.20747,0.20673,0.20674,0.20733,0.20735,0.20761,0.20786,0.20804,0.20718,0.20678,0.20623,0.20611,0.20802,0.20785,0.20784,0.20842,0.20807,0.2079,0.2079,0.20816,0.20825,0.20787,0.20818,0.20692,0.20697,0.20456,0.20454,0.20435,0.20021,0.19927,0.19896,0.19895,0.19933,0.19175,0.19164,0.19148,0.19147,0.19141,0.19137,0.19193,0.19192,0.19172,0.19148,0.19128,0.19161,0.19219,0.1921,0.1925,0.19206,0.19211,0.19222,0.19192,0.19178,0.19197,0.19177,0.1913,0.19127,0.19168,0.19159,0.1911,0.19112,0.19087,0.19101,0.19124,0.19126,0.1911,0.19171,0.19159,0.19161,0.19107,0.19064,0.19065,0.19096,0.19048,0.19065,0.19078,0.19063,0.19061,0.19058,0.19125,0.19148,0.19147,0.19188,0.19192,0.19208,0.19229,0.19218,0.19219,0.19294,0.19207,0.1923,0.19226,0.19198,0.19073,0.19159,0.19191,0.19185,0.19201,0.19739,0.19758,0.19829,0.1981,0.19784,0.19803,0.19804,0.19762,0.19779,0.19739,0.19719,0.19738,0.19772,0.19689,0.19627,0.19627,0.19607,0.19653,0.19676,0.19602,0.19664,0.17757,0.17788,0.17823,0.17809,0.17809,0.17808
RMESP-UVE-Starch-Corn-500-0.7,,,,,,,,,,,,,,,,,,,,,,,,,,,,,,,,,,,,,,,,,,,,,,,,,,,,,,,,,,,,,,,,,,,,,,,,,,,,,,,,,,,,,,,,,,,,,,,,,,,,,,,,,,,,,,,,,,,,,,,,,,,,,,,,,,,,,,,,,,,,,,,,,,,,,,,,,,,,,,,,,,,,,,,,,,,,,,,,,,,,,,,,,,,,,,,,,,,,,,,,,,,,,,,,,,,,,,,,,,,,,,,,,,,,,,,,,,,,,,,,,,,,,,,,,,,,,,,,,,,,,,,,,,,,,,,,,,,,,,,,,,,,,,,,,,,,,,,,,,,,,,,,,,,,,,,,,,,,,,,,,,,,,,,,,,,,,,,,,,,,,,,,,,,,,,,,,,,,,,,,,,,,,,,,,,,,,,,,,,,,,,,,,,,,,,,
0.39743,0.38374,0.32508,0.31419,0.29264,0.2141,0.22079,0.23968,0.25967,0.25217,0.24869,0.2728,0.27088,0.27095,0.26581,0.25702,0.25283,0.24774,0.25168,0.25593,0.26507,0.25342,0.2397,0.23555,0.23827,0.2503,0.24263,0.24254,0.23534,0.23594,0.23639,0.23608,0.23639,0.23442,0.23516,0.23904,0.2386,0.23268,0.23435,0.23243,0.23414,0.23455,0.23514,0.23894,0.23782,0.23935,0.24078,0.24084,0.23627,0.23676,0.23773,0.23296,0.23813,0.23521,0.23505,0.23507,0.2342,0.23539,0.23567,0.24288,0.23616,0.23766,0.23806,0.23903,0.23907,0.24193,0.2387,0.239,0.23885,0.23952,0.23927,0.22968,0.22767,0.22721,0.23423,0.23512,0.2338,0.23397,0.23388,0.22243,0.21824,0.21804,0.21475,0.2177,0.21373,0.21198,0.21253,0.21275,0.21318,0.21378,0.21432,0.21458,0.21472,0.21112,0.21129,0.21117,0.2021,0.20216,0.202,0.19557,0.19494,0.1952,0.19545,0.19416,0.19112,0.19118,0.18842,0.18843,0.18857,0.18732,0.18632,0.18625,0.18658,0.18672,0.18673,0.18825,0.18921,0.1888,0.19176,0.19165,0.19187,0.19208,0.19214,0.19332,0.19356,0.19355,0.19364,0.1954,0.19475,0.19572,0.19156,0.19186,0.1908,0.19032,0.19017,0.19022,0.18776,0.18836,0.1888,0.18886,0.18897,0.18661,0.18636,0.18642,0.1865,0.18655,0.18625,0.18594,0.18583,0.18569,0.18596,0.1863,0.18452,0.18525,0.18613,0.18458,0.18475,0.18472,0.1848,0.18476,0.18507,0.18509,0.18444,0.18284,0.183,0.18301,0.18336,0.18432,0.18375,0.18393,0.19674,0.19365,0.19366,0.19365,0.19371,0.19414,0.19197,0.19191,0.19098,0.19069,0.19066,0.19042,0.19043,0.19046,0.19059,0.18943,0.19029,0.19004,0.19013,0.19009,0.18847,0.19071,0.18973,0.18979,0.18976,0.18985,0.18987,0.18861,0.1886,0.18861,0.1889,0.18831,0.18725,0.18761,0.18672,0.18647,0.18652,0.18645,0.18672,0.18599,0.18643,0.18658,0.18671,0.1861,0.18664,0.18603,0.18618,0.18601,0.18374,0.18407,0.18387,0.18386,0.18339,0.18327,0.18961,0.18781,0.18775,0.1878,0.18781,0.18783,0.18623,0.18616,0.18617,0.18618,0.18553,0.18561,0.1849,0.19965,0.19934,0.19938,0.19933,0.19936,0.19901,0.19873,0.19873,0.19797,0.19815,0.1981,0.19806,0.19512,0.19499,0.19441,0.19375,0.1937,0.19724,0.19728,0.19715,0.19948,0.19888,0.20636,0.20512,0.20515,0.20546,0.20587,0.20599,0.20618,0.20672,0.20676,0.20609,0.20647,0.20636,0.20624,0.20514,0.20546,0.20548,0.20295,0.20298,0.20331,0.20375,0.20345,0.20345,0.20321,0.20347,0.20008,0.20025,0.19756,0.19802,0.20484,0.20036,0.19688,0.19696,0.19715,0.1969,0.19679,0.17531,0.17505,0.19635,0.19628,0.17511,0.17516,0.17488,0.17494,0.17477,0.17445,0.19481,0.17409,0.17405,0.17399,0.17439,0.17469,0.19238,0.19193,0.19171,0.19217,0.19212,0.19164,0.19163,0.19161,0.19171,0.20112,0.19196,0.19204,0.19161,0.19175,0.19165,0.19149,0.19178,0.19171,0.19171,0.19169,0.1917,0.19154,0.19143,0.19145,0.19131,0.19134,0.19082,0.19099,0.19092,0.19054,0.19119,0.19052,0.19091,0.19082,0.19137,0.19136,0.19151,0.19175,0.19192,0.19206,0.19095,0.19155,0.19144,0.19128,0.19126,0.19083,0.19102,0.191,0.19101,0.19187,0.19186,0.19149,0.19131,0.19132,0.19105,0.19136,0.19126,0.19143,0.19154,0.19172,0.19182,0.19153,0.19212,0.19243,0.19232,0.19243,0.19758,0.19772,0.19702,0.19755,0.19678,0.19704,0.197,0.19676,0.19602,0.19664,0.17757,0.17761,0.19774,0.17775,0.17809,0.17808
RMESP-UVE-Starch-Corn-500-0.8,,,,,,,,,,,,,,,,,,,,,,,,,,,,,,,,,,,,,,,,,,,,,,,,,,,,,,,,,,,,,,,,,,,,,,,,,,,,,,,,,,,,,,,,,,,,,,,,,,,,,,,,,,,,,,,,,,,,,,,,,,,,,,,,,,,,,,,,,,,,,,,,,,,,,,,,,,,,,,,,,,,,,,,,,,,,,,,,,,,,,,,,,,,,,,,,,,,,,,,,,,,,,,,,,,,,,,,,,,,,,,,,,,,,,,,,,,,,,,,,,,,,,,,,,,,,,,,,,,,,,,,,,,,,,,,,,,,,,,,,,,,,,,,,,,,,,,,,,,,,,,,,,,,,,,,,,,,,,,,,,,,,,,,,,,,,,,,,,,,,,,,,,,,,,,,,,,,,,,,,,,,,,,,,,,,,,,,,,,,,,,,,,,,,,,,
0.37195,0.37733,0.34066,0.21008,0.21407,0.25142,0.27611,0.26711,0.27625,0.26356,0.25918,0.25303,0.26138,0.29269,0.26494,0.26461,0.245,0.25553,0.25251,0.26941,0.26761,0.26449,0.25604,0.25609,0.26277,0.30103,0.29715,0.29005,0.24091,0.24055,0.24105,0.24115,0.24065,0.24205,0.24601,0.24633,0.24071,0.24009,0.23568,0.22728,0.22774,0.23276,0.23177,0.23311,0.23546,0.23593,0.23638,0.23684,0.23339,0.23675,0.23257,0.23632,0.23516,0.23507,0.23569,0.23578,0.23682,0.23726,0.23819,0.23834,0.23918,0.23885,0.23973,0.24102,0.24094,0.23486,0.241,0.24129,0.23119,0.2325,0.22987,0.22788,0.22637,0.227,0.2161,0.21226,0.21236,0.21294,0.21278,0.21316,0.21938,0.21522,0.21818,0.21811,0.21456,0.21471,0.21098,0.20388,0.20388,0.20404,0.20412,0.20418,0.20069,0.20129,0.20162,0.20108,0.20112,0.19992,0.19912,0.1992,0.19924,0.19915,0.19941,0.19967,0.19983,0.19923,0.19067,0.19058,0.19073,0.19091,0.18865,0.18875,0.18786,0.18925,0.18948,0.18554,0.18541,0.1864,0.18641,0.18396,0.18361,0.18361,0.1862,0.18645,0.18819,0.18944,0.18954,0.18977,0.18889,0.18866,0.18865,0.1888,0.18816,0.1856,0.18513,0.18521,0.18431,0.18438,0.18547,0.18588,0.18591,0.1863,0.18686,0.18678,0.18716,0.18722,0.18689,0.18655,0.18661,0.1866,0.18667,0.18641,0.18595,0.18618,0.18653,0.1866,0.18648,0.18731,0.18543,0.18373,0.18171,0.18176,0.18282,0.18056,0.1793,0.17656,0.1766,0.17647,0.1764,0.1768,0.18921,0.19008,0.18921,0.18819,0.1882,0.18815,0.18697,0.18703,0.18689,0.18714,0.18735,0.18612,0.18577,0.18584,0.1858,0.18583,0.18561,0.18558,0.18818,0.18727,0.18732,0.18657,0.18668,0.1867,0.18666,0.18598,0.18595,0.18633,0.18673,0.187,0.18696,0.18706,0.18703,0.18719,0.18723,0.18725,0.18714,0.18707,0.18685,0.18677,0.18656,0.18593,0.18529,0.18528,0.18582,0.18513,0.20244,0.20262,0.2024,0.20247,0.20185,0.19872,0.19874,0.20403,0.20433,0.20432,0.20439,0.20237,0.20226,0.2019,0.20046,0.20306,0.20222,0.20231,0.20232,0.20234,0.20235,0.20232,0.20235,0.2022,0.20161,0.20085,0.20092,0.20036,0.20038,0.20038,0.19972,0.19973,0.19825,0.20212,0.20186,0.20047,0.20024,0.20026,0.20021,0.20024,0.20038,0.20035,0.20003,0.20478,0.20431,0.20127,0.20119,0.20157,0.20575,0.20619,0.20609,0.20643,0.20603,0.20552,0.20554,0.20579,0.20583,0.20505,0.20471,0.20431,0.20411,0.2041,0.20421,0.20126,0.20113,0.20141,0.20167,0.20147,0.20158,0.20214,0.17572,0.17558,0.17538,0.19631,0.20268,0.2027,0.17537,0.17556,0.17558,0.17552,0.17538,0.17524,0.17526,0.17521,0.17548,0.17594,0.17549,0.20112,0.20106,0.20011,0.20008,0.20012,0.19981,0.1998,0.17525,0.17466,0.2005,0.17503,0.1753,0.19254,0.19235,0.19235,0.19231,0.17466,0.17435,0.17436,0.17424,0.17411,0.17414,0.17365,0.17365,0.17392,0.1742,0.17421,0.17408,0.17402,0.19112,0.19096,0.1911,0.1909,0.19056,0.19062,0.1912,0.19076,0.19133,0.19132,0.19042,0.19033,0.18986,0.18989,0.19009,0.19069,0.19047,0.19138,0.1913,0.19129,0.19126,0.19136,0.1915,0.19162,0.19146,0.19153,0.19157,0.1913,0.19118,0.19078,0.19095,0.19093,0.19109,0.19109,0.1912,0.19095,0.1913,0.19137,0.19138,0.19154,0.19186,0.19174,0.19232,0.19247,0.1929,0.19301,0.19236,0.19256,0.19782,0.19772,0.197,0.19676,0.19739,0.19664,0.17757,0.19747,0.17774,0.17775,0.17809,0.17808
RMESP-UVE-Starch-Corn-500-0.9,,,,,,,,,,,,,,,,,,,,,,,,,,,,,,,,,,,,,,,,,,,,,,,,,,,,,,,,,,,,,,,,,,,,,,,,,,,,,,,,,,,,,,,,,,,,,,,,,,,,,,,,,,,,,,,,,,,,,,,,,,,,,,,,,,,,,,,,,,,,,,,,,,,,,,,,,,,,,,,,,,,,,,,,,,,,,,,,,,,,,,,,,,,,,,,,,,,,,,,,,,,,,,,,,,,,,,,,,,,,,,,,,,,,,,,,,,,,,,,,,,,,,,,,,,,,,,,,,,,,,,,,,,,,,,,,,,,,,,,,,,,,,,,,,,,,,,,,,,,,,,,,,,,,,,,,,,,,,,,,,,,,,,,,,,,,,,,,,,,,,,,,,,,,,,,,,,,,,,,,,,,,,,,,,,,,,,,,,,,,,,,,,,,,,,,
0.37195,0.37733,0.34066,0.31419,0.21407,0.25142,0.24345,0.26711,0.27625,0.26132,0.25655,0.26445,0.26129,0.25862,0.23624,0.23192,0.22974,0.21713,0.2393,0.24956,0.23242,0.23407,0.24542,0.24435,0.24586,0.24433,0.24695,0.23969,0.24062,0.24055,0.24412,0.24392,0.2464,0.25119,0.2513,0.25385,0.25475,0.25474,0.24961,0.2494,0.24915,0.24935,0.2456,0.24917,0.24968,0.24904,0.24526,0.23576,0.23562,0.23203,0.23196,0.23576,0.23602,0.23703,0.23827,0.23729,0.23826,0.23879,0.2388,0.2387,0.23958,0.23997,0.23429,0.23454,0.23444,0.2352,0.23554,0.23319,0.24028,0.23356,0.23088,0.21937,0.21993,0.21237,0.21286,0.20909,0.20837,0.2084,0.20485,0.20582,0.20196,0.19618,0.19845,0.19773,0.19479,0.19504,0.1955,0.19556,0.19958,0.19964,0.19971,0.20002,0.19953,0.19977,0.19973,0.19964,0.19979,0.20041,0.20047,0.20046,0.20053,0.20056,0.20074,0.19968,0.19984,0.19999,0.19941,0.19846,0.19361,0.19107,0.19257,0.19247,0.1909,0.19101,0.1828,0.18289,0.18483,0.18583,0.186,0.1855,0.18554,0.18553,0.18543,0.18791,0.1881,0.18835,0.18812,0.18822,0.18772,0.18495,0.18531,0.1853,0.18653,0.18699,0.18714,0.18724,0.18758,0.18718,0.18674,0.18674,0.18583,0.18412,0.18172,0.18143,0.18196,0.182,0.18206,0.18217,0.18335,0.18265,0.18149,0.18163,0.18267,0.18271,0.18271,0.18321,0.1793,0.17895,0.17888,0.17964,0.1793,0.1791,0.17904,0.17891,0.177,0.17579,0.174,0.17279,0.17178,0.17205,0.17217,0.17211,0.18389,0.18431,0.18359,0.18361,0.18389,0.18384,0.18461,0.18463,0.18283,0.18263,0.18289,0.18206,0.18207,0.18181,0.18188,0.18337,0.18362,0.18302,0.18295,0.18309,0.18351,0.18336,0.18326,0.18338,0.18378,0.18378,0.18688,0.20461,0.20432,0.20377,0.20356,0.20372,0.20383,0.20316,0.20315,0.20314,0.20312,0.20318,0.20317,0.20249,0.20247,0.20183,0.20097,0.201,0.20079,0.20082,0.20082,0.2033,0.20356,0.20368,0.20359,0.20374,0.20375,0.20384,0.20384,0.20283,0.20112,0.19922,0.19635,0.19605,0.19604,0.19603,0.19466,0.19415,0.19392,0.19366,0.19367,0.19335,0.19828,0.19771,0.19771,0.19779,0.19768,0.19768,0.19762,0.19764,0.19693,0.19663,0.19576,0.19578,0.19581,0.19884,0.19887,0.19881,0.19883,0.19883,0.19862,0.19857,0.19745,0.19641,0.19644,0.20097,0.20057,0.20057,0.21124,0.21166,0.21178,0.19728,0.19702,0.19707,0.19684,0.19716,0.19677,0.19727,0.20133,0.20156,0.20158,0.20168,0.20138,0.20157,0.20093,0.20161,0.19496,0.20168,0.20157,0.20205,0.201,0.20091,0.17449,0.17454,0.1745,0.17539,0.17551,0.17547,0.17537,0.17568,0.17571,0.17541,0.17543,0.17528,0.17533,0.17544,0.17537,0.20023,0.20004,0.17526,0.17552,0.20055,0.20055,0.17507,0.17504,0.19235,0.17448,0.17447,0.17474,0.17474,0.17463,0.17451,0.17484,0.19254,0.17451,0.174,0.17365,0.17357,0.19102,0.19061,0.19097,0.1909,0.19086,0.19076,0.19091,0.19057,0.19113,0.19106,0.19161,0.19146,0.19063,0.19077,0.1903,0.1903,0.1901,0.19003,0.18991,0.18993,0.19013,0.19017,0.18998,0.19055,0.19141,0.19155,0.19152,0.1915,0.19139,0.19138,0.19143,0.19157,0.19133,0.19138,0.19123,0.1913,0.1909,0.1909,0.19108,0.19117,0.19092,0.19102,0.19092,0.19124,0.19124,0.19124,0.19158,0.19174,0.19232,0.19243,0.19286,0.19223,0.19236,0.19256,0.19252,0.19186,0.197,0.19676,0.19739,0.19664,0.17757,0.17761,0.17791,0.17775,0.17809,0.17808
